county,age_category,quarter,susceptible,new_infected,current_infected,new_severe,cumulative_severe,flu_incidence,severe_incidence
Alameda,0-17,Q1,3022960,7633,7762,4,19,0.25250086008415595,1.3232063937332946e-4
Alameda,0-17,Q2,3631372,88749,90337,80,514,2.4439523133405228,0.002203024091169949
Alameda,0-17,Q3,2695771,49609,50853,56,1690,1.8402527514391986,0.0020773277848897403
Alameda,0-17,Q4,210460,0,0,0,152,0,0
Alameda,18-49,Q1,6716996,17309,17931,56,277,0.2576895981477434,8.337060197743158e-4
Alameda,18-49,Q2,8203573,204636,213987,1046,6412,2.494474054171274,0.01275054174565156
Alameda,18-49,Q3,5910824,103278,110456,996,24858,1.7472690778815272,0.01685044251021516
Alameda,18-49,Q4,429146,0,0,0,2099,0,0
Alameda,50-64,Q1,2787395,7014,7859,106,421,0.25163279693046736,0.0038028338287182115
Alameda,50-64,Q2,3540161,88075,101616,2214,13548,2.4878812008832365,0.06253952856946338
Alameda,50-64,Q3,2496339,42980,53011,2124,52599,1.7217212886551065,0.08508459788514301
Alameda,50-64,Q4,171027,0,0,0,4204,0,0
Alameda,65+,Q1,2505633,6379,7757,280,1076,0.2545863660001285,0.011174820893562625
Alameda,65+,Q2,3104616,78866,101066,4772,29301,2.5402819543544193,0.15370660977074138
Alameda,65+,Q3,2168201,36265,52886,4636,112627,1.6725847834218321,0.21381781486126053
Alameda,65+,Q4,158669,0,0,0,9619,0,0
Alpine,0-17,Q1,1405,6,6,0,0,0.42704626334519574,0
Alpine,0-17,Q2,1632,56,57,0,0,3.431372549019608,0
Alpine,0-17,Q3,1115,16,17,0,0,1.4349775784753362,0
Alpine,0-17,Q4,64,0,0,0,0,0,0
Alpine,18-49,Q1,3318,7,7,0,0,0.21097046413502107,0
Alpine,18-49,Q2,4050,107,109,0,0,2.6419753086419755,0
Alpine,18-49,Q3,2752,55,59,0,0,1.998546511627907,0
Alpine,18-49,Q4,264,0,0,0,0,0,0
Alpine,50-64,Q1,2378,2,3,0,0,0.08410428931875526,0
Alpine,50-64,Q2,2768,81,93,1,1,2.926300578034682,0.0361271676300578
Alpine,50-64,Q3,2021,33,42,3,47,1.6328550222662048,0.14844136566056407
Alpine,50-64,Q4,210,0,0,0,7,0,0
Alpine,65+,Q1,3079,5,6,1,2,0.16239038648911985,0.03247807729782397
Alpine,65+,Q2,3839,77,98,5,34,2.005730659025788,0.13024225058609012
Alpine,65+,Q3,3058,51,68,1,86,1.6677567037279268,0.032701111837802485
Alpine,65+,Q4,127,0,0,0,8,0,0
Amador,0-17,Q1,50295,139,139,0,0,0.27636942041952484,0
Amador,0-17,Q2,62306,1565,1598,2,11,2.511796616698231,0.0032099637274098807
Amador,0-17,Q3,43989,711,725,0,26,1.6163131692013912,0
Amador,0-17,Q4,3245,0,0,0,2,0,0
Amador,18-49,Q1,121140,323,338,0,0,0.2666336470199769,0
Amador,18-49,Q2,139497,3467,3636,18,98,2.4853581080596716,0.012903503301146263
Amador,18-49,Q3,104215,1894,2003,26,502,1.8173967279182457,0.024948423931295878
Amador,18-49,Q4,7856,0,0,0,41,0,0
Amador,50-64,Q1,69672,171,187,2,11,0.24543575611436444,0.0028705936387644964
Amador,50-64,Q2,84447,2024,2361,61,374,2.3967695714471797,0.07223465605646145
Amador,50-64,Q3,63451,1064,1324,48,1367,1.6768845250665867,0.07564892594285355
Amador,50-64,Q4,4666,0,0,0,113,0,0
Amador,65+,Q1,98936,228,282,11,34,0.2304520093798011,0.011118298698148297
Amador,65+,Q2,124702,2857,3663,181,1065,2.291061891549454,0.14514602813106445
Amador,65+,Q3,96419,1877,2711,220,4990,1.946711747684585,0.22817079621236477
Amador,65+,Q4,6583,0,0,0,410,0,0
Butte,0-17,Q1,380426,786,801,1,4,0.20661048403631718,2.628632112421338e-4
Butte,0-17,Q2,525005,12124,12357,8,57,2.309311339892001,0.0015237950114760813
Butte,0-17,Q3,373679,6881,7063,13,253,1.8414200423358018,0.0034789217483455048
Butte,0-17,Q4,25712,0,0,0,20,0,0
Butte,18-49,Q1,927735,2405,2482,11,58,0.2592335095690041,0.0011856834117501226
Butte,18-49,Q2,1152960,29840,31254,177,1153,2.58812101026922,0.015351790174854288
Butte,18-49,Q3,754199,12287,13158,120,3457,1.6291456233699593,0.0159109200622117
Butte,18-49,Q4,79813,0,0,0,432,0,0
Butte,50-64,Q1,295084,719,811,8,30,0.24365943256835343,0.002711092434696561
Butte,50-64,Q2,371672,9483,10871,238,1458,2.5514432079898404,0.06403495555220733
Butte,50-64,Q3,247452,4221,5183,208,5176,1.7057853644343146,0.08405670594701195
Butte,50-64,Q4,26123,0,0,0,616,0,0
Butte,65+,Q1,405143,1041,1268,47,189,0.2569463127833876,0.011600842171776385
Butte,65+,Q2,502063,12912,16509,743,4562,2.5717887994136195,0.14798939575312262
Butte,65+,Q3,345741,5918,8598,725,17516,1.7116859151792816,0.20969454013264263
Butte,65+,Q4,26470,0,0,0,1566,0,0
Calaveras,0-17,Q1,62795,147,149,0,0,0.23409507126363563,0
Calaveras,0-17,Q2,77906,2004,2044,2,10,2.5723307575796475,0.0025671963648499475
Calaveras,0-17,Q3,53599,931,955,5,80,1.7369727047146404,0.009328532248735984
Calaveras,0-17,Q4,3934,0,0,0,7,0,0
Calaveras,18-49,Q1,119059,328,339,3,10,0.27549366280583576,0.0025197591110289854
Calaveras,18-49,Q2,143755,3446,3615,21,151,2.397134012729992,0.014608187541302912
Calaveras,18-49,Q3,107199,1974,2115,19,533,1.8414350880138808,0.017724045933264303
Calaveras,18-49,Q4,7780,0,0,0,44,0,0
Calaveras,50-64,Q1,76955,183,195,4,18,0.23780131245533104,0.005197842895198492
Calaveras,50-64,Q2,101760,2439,2781,55,341,2.396816037735849,0.05404874213836478
Calaveras,50-64,Q3,72687,1291,1563,56,1396,1.7761085200930016,0.07704266237428976
Calaveras,50-64,Q4,5568,0,0,0,118,0,0
Calaveras,65+,Q1,130435,339,404,10,44,0.2598995668340553,0.007666653888910186
Calaveras,65+,Q2,163903,4078,5169,233,1390,2.488056960519332,0.14215725154512118
Calaveras,65+,Q3,113766,1873,2755,236,5576,1.6463618304238525,0.20744334862788533
Calaveras,65+,Q4,8432,0,0,0,479,0,0
Colusa,0-17,Q1,52141,130,132,0,0,0.24932394852419404,0
Colusa,0-17,Q2,63242,1602,1631,1,6,2.533126719585086,0.0015812276651592297
Colusa,0-17,Q3,45815,811,826,1,20,1.7701626104987451,0.0021826912583215105
Colusa,0-17,Q4,3313,0,0,0,2,0,0
Colusa,18-49,Q1,83627,241,250,0,0,0.2881844380403458,0
Colusa,18-49,Q2,102759,2648,2748,9,48,2.576903239618914,0.008758356932239511
Colusa,18-49,Q3,71396,1210,1323,20,325,1.6947728164042801,0.02801277382486414
Colusa,18-49,Q4,6132,0,0,0,29,0,0
Colusa,50-64,Q1,33880,87,103,4,15,0.256788665879575,0.011806375442739079
Colusa,50-64,Q2,40899,986,1141,26,187,2.410816890388518,0.06357123646054916
Colusa,50-64,Q3,30911,526,674,29,674,1.7016596033774385,0.09381773478696905
Colusa,50-64,Q4,2215,0,0,0,61,0,0
Colusa,65+,Q1,34574,69,75,3,12,0.19957193266616535,0.00867704055070284
Colusa,65+,Q2,43515,1126,1424,58,355,2.5876134666207053,0.13328737217051592
Colusa,65+,Q3,29524,462,686,66,1424,1.564828614008942,0.22354694485842028
Colusa,65+,Q4,2215,0,0,0,127,0,0
Contra Costa,0-17,Q1,2074133,4997,5059,1,6,0.24091994100667605,4.821291595090575e-5
Contra Costa,0-17,Q2,2688190,67564,68752,56,349,2.5133640107284085,0.002083186084316957
Contra Costa,0-17,Q3,1812082,30899,31687,44,1162,1.7051656602736522,0.00242814618764493
Contra Costa,0-17,Q4,156454,0,0,0,125,0,0
Contra Costa,18-49,Q1,4109083,10287,10642,29,126,0.25034782699692365,7.057535708088641e-4
Contra Costa,18-49,Q2,5196965,129286,135281,669,4054,2.487721198815078,0.01287289793177364
Contra Costa,18-49,Q3,3577725,62391,66637,635,15328,1.7438735509297107,0.017748709025987186
Contra Costa,18-49,Q4,338832,0,0,0,1697,0,0
Contra Costa,50-64,Q1,2077958,4945,5544,86,322,0.23797401102428445,0.00413867845259625
Contra Costa,50-64,Q2,2628062,63058,72805,1540,9166,2.399410668393668,0.05859831312959893
Contra Costa,50-64,Q3,1885257,35405,43141,1578,37134,1.877993292161228,0.08370211594493483
Contra Costa,50-64,Q4,187674,0,0,0,4384,0,0
Contra Costa,65+,Q1,1988483,5072,6189,193,806,0.2550688137640604,0.009705891375485734
Contra Costa,65+,Q2,2446344,61664,78760,3619,21584,2.5206594003132836,0.1479350410244839
Contra Costa,65+,Q3,1734233,29292,42527,3546,85763,1.6890463968797735,0.20447079487012415
Contra Costa,65+,Q4,127071,0,0,0,7358,0,0
Del Norte,0-17,Q1,48104,125,128,0,0,0.25985365042408115,0
Del Norte,0-17,Q2,60581,1554,1579,4,26,2.565160693946947,0.006602730228949671
Del Norte,0-17,Q3,41431,681,696,0,52,1.6436967488112766,0
Del Norte,0-17,Q4,3079,0,0,0,4,0,0
Del Norte,18-49,Q1,101049,267,279,0,0,0.2642282457025799,0
Del Norte,18-49,Q2,124817,3266,3413,16,101,2.6166307474142148,0.012818766674411338
Del Norte,18-49,Q3,84117,1429,1526,14,342,1.6988242566900864,0.0166434846701618
Del Norte,18-49,Q4,8019,0,0,0,38,0,0
Del Norte,50-64,Q1,40118,90,100,2,13,0.22433820230320553,0.004985293384515679
Del Norte,50-64,Q2,53773,1331,1529,35,220,2.475219905900731,0.06508842727763003
Del Norte,50-64,Q3,36233,581,697,22,690,1.6035106118731541,0.06071812988159965
Del Norte,50-64,Q4,2650,0,0,0,56,0,0
Del Norte,65+,Q1,47982,107,136,5,21,0.2230002917760827,0.01042057438205994
Del Norte,65+,Q2,59625,1506,1935,94,576,2.5257861635220125,0.15765199161425575
Del Norte,65+,Q3,41266,712,1044,67,1974,1.7253913633499733,0.1623612659332138
Del Norte,65+,Q4,3173,0,0,0,173,0,0
El Dorado,0-17,Q1,311059,732,748,1,1,0.23532513124519785,3.2148241973387683e-4
El Dorado,0-17,Q2,380253,9359,9529,15,88,2.4612560584663368,0.003944742053317134
El Dorado,0-17,Q3,274035,4986,5095,2,232,1.819475614428814,7.298337803565238e-4
El Dorado,0-17,Q4,22668,0,0,0,20,0,0
El Dorado,18-49,Q1,599862,1449,1501,7,35,0.241555557778289,0.0011669350617308648
El Dorado,18-49,Q2,766674,17867,18696,83,537,2.3304559695515956,0.010825983403637008
El Dorado,18-49,Q3,572569,11131,11849,101,2288,1.9440451718482836,0.01763979537837361
El Dorado,18-49,Q4,43646,0,0,0,211,0,0
El Dorado,50-64,Q1,343876,864,942,14,54,0.2512533587688585,0.004071234980050948
El Dorado,50-64,Q2,416911,10279,11912,277,1711,2.4655142224599493,0.06644103897474521
El Dorado,50-64,Q3,307571,5498,6750,282,6801,1.7875547434576082,0.09168614726355866
El Dorado,50-64,Q4,23356,0,0,0,608,0,0
El Dorado,65+,Q1,412606,1025,1241,43,195,0.24842101181272208,0.01042156439799712
El Dorado,65+,Q2,486838,11404,14708,718,4212,2.3424629959041816,0.14748232471581924
El Dorado,65+,Q3,382834,7508,10673,825,19078,1.9611633240516777,0.21549810100461295
El Dorado,65+,Q4,27267,0,0,1,1643,0,0.0036674368284006307
Fresno,0-17,Q1,2414369,5860,5938,6,16,0.24271352059275114,2.4851213712568374e-4
Fresno,0-17,Q2,3164872,78970,80408,57,364,2.4952035974914626,0.001801020704786797
Fresno,0-17,Q3,2142206,36244,37216,55,1375,1.6919007789166867,0.0025674468281761884
Fresno,0-17,Q4,165800,0,0,0,123,0,0
Fresno,18-49,Q1,4041257,10378,10792,34,137,0.2568012873222366,8.413223905334405e-4
Fresno,18-49,Q2,4981442,127433,133320,696,4295,2.5581548475321,0.013971857947959646
Fresno,18-49,Q3,3447958,56272,60241,560,15134,1.6320384413035194,0.016241497141206478
Fresno,18-49,Q4,257981,0,0,0,1301,0,0
Fresno,50-64,Q1,1416284,3554,3977,59,223,0.2509383711176572,0.0041658311468603755
Fresno,50-64,Q2,1737810,43832,50542,1064,6383,2.522255022125549,0.06122648620965468
Fresno,50-64,Q3,1229918,21429,26436,1020,25114,1.7423112760362884,0.0829323580921655
Fresno,50-64,Q4,92287,0,0,0,2208,0,0
Fresno,65+,Q1,1270407,3241,3932,117,442,0.25511509303711327,0.009209646987146639
Fresno,65+,Q2,1520295,36896,47851,2296,13328,2.426897411357664,0.15102332113175404
Fresno,65+,Q3,1145725,20827,29693,2398,57780,1.8178009557267232,0.20929978834362523
Fresno,65+,Q4,67142,0,0,1,3949,0,0.0014893807154984957
Glenn,0-17,Q1,63098,157,158,0,0,0.24881929696662333,0
Glenn,0-17,Q2,80455,1983,2020,1,3,2.4647318376732334,0.0012429308308992604
Glenn,0-17,Q3,57246,923,943,1,22,1.6123397267931383,0.0017468469412710056
Glenn,0-17,Q4,4267,0,0,0,2,0,0
Glenn,18-49,Q1,107410,294,307,2,4,0.2737175309561493,0.0018620240201098592
Glenn,18-49,Q2,129420,3216,3352,15,124,2.4849327770050995,0.01159017153453871
Glenn,18-49,Q3,93836,1730,1843,14,371,1.8436420989812012,0.014919647043778506
Glenn,18-49,Q4,8534,0,0,0,37,0,0
Glenn,50-64,Q1,40516,94,107,1,1,0.2320071083028927,0.002468160726626518
Glenn,50-64,Q2,55239,1417,1641,30,168,2.5652166042107933,0.05430945527616358
Glenn,50-64,Q3,35671,594,746,34,719,1.665218244512349,0.09531552241316475
Glenn,50-64,Q4,3509,0,0,0,91,0,0
Glenn,65+,Q1,45479,105,123,5,21,0.23087578882561183,0.010994085182171992
Glenn,65+,Q2,57522,1446,1857,89,568,2.513820798998644,0.15472341017349883
Glenn,65+,Q3,39663,713,1052,102,2319,1.797645160477019,0.25716662884804475
Glenn,65+,Q4,2370,0,0,0,153,0,0
Humboldt,0-17,Q1,240256,609,618,3,21,0.25347962173681404,0.0012486680873734681
Humboldt,0-17,Q2,306585,7643,7781,3,51,2.492946491185153,9.785214540828809e-4
Humboldt,0-17,Q3,210525,3585,3672,12,207,1.702885643035269,0.0057000356252226575
Humboldt,0-17,Q4,15562,0,0,0,18,0,0
Humboldt,18-49,Q1,521059,1328,1382,5,24,0.254865571845031,9.595842313442432e-4
Humboldt,18-49,Q2,596039,15178,15830,82,532,2.546477663374376,0.013757489023369276
Humboldt,18-49,Q3,443623,8045,8592,78,1954,1.8134767584187477,0.017582496849802648
Humboldt,18-49,Q4,32446,0,0,0,168,0,0
Humboldt,50-64,Q1,202559,541,604,7,28,0.267082677145918,0.0034557832532743546
Humboldt,50-64,Q2,244022,6047,6979,159,945,2.478055257312865,0.06515805951922368
Humboldt,50-64,Q3,181172,3322,4084,153,3766,1.833616673658181,0.08445013578257127
Humboldt,50-64,Q4,13110,0,0,0,324,0,0
Humboldt,65+,Q1,246279,658,813,26,106,0.26717665736826934,0.01055713235801672
Humboldt,65+,Q2,306284,7895,10178,498,3016,2.5776730093638585,0.16259419362421804
Humboldt,65+,Q3,210151,3527,5269,500,11773,1.678317019666811,0.23792415929498315
Humboldt,65+,Q4,15790,0,0,0,1044,0,0
Imperial,0-17,Q1,474211,1258,1277,0,0,0.2652827538796021,0
Imperial,0-17,Q2,594107,14841,15099,10,55,2.498034865773337,0.0016831984810816904
Imperial,0-17,Q3,411537,6940,7142,8,226,1.6863611291329819,0.0019439321373290858
Imperial,0-17,Q4,32130,0,0,0,19,0,0
Imperial,18-49,Q1,724875,1862,1942,7,16,0.256871874461114,9.656837385756165e-4
Imperial,18-49,Q2,878606,21807,22838,114,605,2.481999895288673,0.012975099191218817
Imperial,18-49,Q3,647158,11718,12492,116,2770,1.8106861075656948,0.017924525386381687
Imperial,18-49,Q4,48619,0,0,0,248,0,0
Imperial,50-64,Q1,265970,708,788,13,50,0.26619543557544084,0.004887769297289168
Imperial,50-64,Q2,314054,7484,8656,184,1140,2.3830296700567417,0.05858865035949231
Imperial,50-64,Q3,244322,4797,5835,220,5046,1.963392572097478,0.09004510441139152
Imperial,50-64,Q4,16896,0,0,0,417,0,0
Imperial,65+,Q1,243872,596,719,21,86,0.24439049993439182,0.008611074662117833
Imperial,65+,Q2,315653,7707,9927,482,2910,2.4416051803721173,0.15269932489157398
Imperial,65+,Q3,221628,3906,5595,451,11169,1.7624126915371703,0.20349414333928925
Imperial,65+,Q4,16222,0,0,0,968,0,0
Inyo,0-17,Q1,32682,75,75,0,0,0.22948411969891683,0
Inyo,0-17,Q2,40153,993,1017,0,0,2.473040619629916,0
Inyo,0-17,Q3,28809,505,522,2,22,1.7529244333368044,0.006942274983512097
Inyo,0-17,Q4,2088,0,0,0,2,0,0
Inyo,18-49,Q1,50370,124,129,0,0,0.24617828072265238,0
Inyo,18-49,Q2,61525,1575,1646,7,31,2.559934985778139,0.011377488825680617
Inyo,18-49,Q3,43133,776,833,13,210,1.7990865462638814,0.030139336470915542
Inyo,18-49,Q4,4084,0,0,0,25,0,0
Inyo,50-64,Q1,35073,80,88,3,13,0.22809568614033585,0.008553588230262595
Inyo,50-64,Q2,43160,1117,1286,29,195,2.588044485634847,0.06719184430027804
Inyo,50-64,Q3,30159,512,653,34,749,1.6976690208561291,0.11273583341622734
Inyo,50-64,Q4,2219,0,0,0,66,0,0
Inyo,65+,Q1,43713,110,131,4,16,0.251641388145403,0.009150595932560108
Inyo,65+,Q2,54684,1378,1749,92,565,2.5199327042645017,0.1682393387462512
Inyo,65+,Q3,36721,648,937,77,1980,1.7646578252226246,0.20968927861441683
Inyo,65+,Q4,3744,0,0,0,253,0,0
Kern,0-17,Q1,2205184,5276,5358,5,26,0.23925441142326445,2.2673844903645226e-4
Kern,0-17,Q2,2786093,68940,70224,69,420,2.47443283479769,0.0024765863881787147
Kern,0-17,Q3,1979434,34743,35676,58,1560,1.7551987083176301,0.002930130532263263
Kern,0-17,Q4,147520,0,0,0,138,0,0
Kern,18-49,Q1,3756116,9726,10099,40,182,0.2589376898903016,0.0010649298370976829
Kern,18-49,Q2,4581039,113143,118236,562,3544,2.4698108878793654,0.012267959299189552
Kern,18-49,Q3,3317991,58701,62659,556,13721,1.7691729724402507,0.016757128033198402
Kern,18-49,Q4,239885,0,0,0,1158,0,0
Kern,50-64,Q1,1265489,3160,3510,37,141,0.24970584493425071,0.0029237709691668596
Kern,50-64,Q2,1571250,39918,45964,935,5645,2.540525059665871,0.05950676213206046
Kern,50-64,Q3,1091907,18304,22805,960,22323,1.6763332408346134,0.08791957556824893
Kern,50-64,Q4,80735,0,0,0,1932,0,0
Kern,65+,Q1,1032504,2567,3116,99,412,0.24861889154908842,0.009588340577857325
Kern,65+,Q2,1279274,32708,42076,1981,11837,2.5567626638233873,0.15485345594454353
Kern,65+,Q3,880726,14701,21648,1909,45648,1.6691910991613736,0.21675299695932673
Kern,65+,Q4,75276,0,1,0,4618,0,0
Kings,0-17,Q1,422426,1074,1087,1,2,0.2542457140422228,2.3672785292571953e-4
Kings,0-17,Q2,519640,12952,13193,10,69,2.4924948040951427,0.0019244092063736434
Kings,0-17,Q3,370108,6357,6521,13,294,1.7176067526235586,0.0035124882466739437
Kings,0-17,Q4,27152,0,0,0,24,0,0
Kings,18-49,Q1,641561,1678,1746,9,43,0.2615495642659077,0.0014028284138219126
Kings,18-49,Q2,798763,20419,21335,108,670,2.55632772173974,0.013520906701987948
Kings,18-49,Q3,552863,8920,9554,97,2510,1.6134195994306002,0.017545033760624242
Kings,18-49,Q4,41100,0,0,0,214,0,0
Kings,50-64,Q1,167100,402,441,4,17,0.24057450628366248,0.0023937761819269898
Kings,50-64,Q2,218115,5418,6246,148,879,2.4840107282855373,0.06785411365564037
Kings,50-64,Q3,147222,2446,3057,111,3089,1.661436470092785,0.07539634022089091
Kings,50-64,Q4,11437,0,0,0,282,0,0
Kings,65+,Q1,157864,382,471,18,69,0.2419804388587645,0.01140221963208838
Kings,65+,Q2,197054,4941,6338,294,1774,2.507434510337268,0.14919768185370508
Kings,65+,Q3,137205,2289,3373,296,6994,1.6683065485951678,0.21573557814948432
Kings,65+,Q4,10160,0,0,0,608,0,0
LA,0-17,Q1,19328829,49975,50695,28,119,0.25855161737940774,1.4486133640066867e-4
LA,0-17,Q2,23628001,604255,614987,492,3121,2.5573682682678065,0.0020822751785053674
LA,0-17,Q3,16505532,274628,282074,437,11207,1.663854276251138,0.0026475971813571353
LA,0-17,Q4,1269348,0,0,0,991,0,0
LA,18-49,Q1,39346829,100738,104326,306,1295,0.25602571429580767,7.776992651682299e-4
LA,18-49,Q2,47368202,1158787,1212993,6043,36256,2.44633942407187,0.012757503440810357
LA,18-49,Q3,35321974,644179,686846,6076,148891,1.8237344266206639,0.017201756617566163
LA,18-49,Q4,2507991,0,0,0,12406,0,0
LA,50-64,Q1,17174026,42127,47135,685,2744,0.24529484233923948,0.003988581361178794
LA,50-64,Q2,22006625,542767,626408,13436,81873,2.4663800105650004,0.06105434159031655
LA,50-64,Q3,15437879,266748,328672,12789,317132,1.7278798467069214,0.08284169088253639
LA,50-64,Q4,1125675,0,1,1,26948,0,8.883558753636706e-5
LA,65+,Q1,14911590,37162,45313,1476,5834,0.24921554307756585,0.009898340820797782
LA,65+,Q2,18192976,441441,568792,27242,159692,2.42643644448275,0.14973910810413865
LA,65+,Q3,13569204,249463,356736,29141,687377,1.8384497719984165,0.21475836018089198
LA,65+,Q4,910196,0,1,2,55012,0,2.197328926956392e-4
Lake,0-17,Q1,121305,316,318,1,2,0.2605003915749557,8.243683277688471e-4
Lake,0-17,Q2,146799,3594,3654,2,21,2.44824556025586,0.0013624071008658098
Lake,0-17,Q3,105410,1970,2018,3,77,1.8688928944122947,0.002846029788445119
Lake,0-17,Q4,11107,0,0,0,7,0,0
Lake,18-49,Q1,200753,481,497,3,15,0.2395979138543384,0.0014943736830831918
Lake,18-49,Q2,253237,6360,6651,32,215,2.511481339614669,0.012636384098690159
Lake,18-49,Q3,179879,3069,3298,34,801,1.7061469098671886,0.018901594961057155
Lake,18-49,Q4,10525,0,0,0,69,0,0
Lake,50-64,Q1,106960,253,283,5,21,0.23653702318623787,0.004674644727000748
Lake,50-64,Q2,129416,3314,3833,84,516,2.5607343759658776,0.06490696668109044
Lake,50-64,Q3,94326,1699,2079,69,1897,1.8012000932934715,0.07315056294128872
Lake,50-64,Q4,6335,0,0,0,149,0,0
Lake,65+,Q1,140799,348,436,11,50,0.24716084631282892,0.007812555486899764
Lake,65+,Q2,174128,4478,5745,274,1729,2.571671414132133,0.15735550859138106
Lake,65+,Q3,122125,1910,2824,271,6430,1.5639713408393041,0.2219037871033777
Lake,65+,Q4,8857,0,0,0,537,0,0
Lassen,0-17,Q1,46961,101,101,0,0,0.21507208108856288,0
Lassen,0-17,Q2,58066,1474,1502,0,0,2.5384906830158784,0
Lassen,0-17,Q3,39889,710,727,0,0,1.7799393316453158,0
Lassen,0-17,Q4,4115,0,0,0,0,0,0
Lassen,18-49,Q1,120807,293,309,1,7,0.242535614658091,8.277666029286382e-4
Lassen,18-49,Q2,148545,3556,3733,28,183,2.3938873741963715,0.018849506883435996
Lassen,18-49,Q3,110435,1881,2018,19,593,1.7032643636528275,0.017204690541947752
Lassen,18-49,Q4,5091,0,0,0,31,0,0
Lassen,50-64,Q1,48000,104,114,0,0,0.21666666666666665,0
Lassen,50-64,Q2,60266,1456,1679,35,205,2.4159559287160253,0.058075863671058305
Lassen,50-64,Q3,42856,705,884,43,883,1.6450438678364758,0.10033600896023893
Lassen,50-64,Q4,2954,0,0,0,77,0,0
Lassen,65+,Q1,50511,119,139,5,14,0.2355922472332759,0.009898833917364534
Lassen,65+,Q2,62590,1645,2130,109,626,2.628215369867391,0.1741492251158332
Lassen,65+,Q3,41902,678,989,89,2306,1.61806119039664,0.21240036275118132
Lassen,65+,Q4,4676,0,0,0,293,0,0
Madera,0-17,Q1,347682,824,833,0,0,0.23699817649461288,0
Madera,0-17,Q2,460932,11640,11821,6,33,2.5253182682044204,0.001301710447528052
Madera,0-17,Q3,309928,5102,5236,7,154,1.6461887922356162,0.0022585890916599987
Madera,0-17,Q4,23218,0,0,0,14,0,0
Madera,18-49,Q1,615276,1539,1591,4,15,0.25013164823591366,6.50114745252537e-4
Madera,18-49,Q2,770491,17506,18321,100,597,2.27205768788993,0.012978736935278932
Madera,18-49,Q3,582779,11851,12570,102,2434,2.0335324368242507,0.017502346515574516
Madera,18-49,Q4,54202,0,0,0,280,0,0
Madera,50-64,Q1,224395,530,605,13,58,0.23619064595913455,0.0057933554669221685
Madera,50-64,Q2,271952,6566,7588,162,1041,2.414396658233806,0.059569335765135026
Madera,50-64,Q3,201960,3725,4544,161,3994,1.8444246385422853,0.07971875618934443
Madera,50-64,Q4,14579,0,0,0,337,0,0
Madera,65+,Q1,228409,548,678,23,97,0.23992049350069394,0.010069655749116717
Madera,65+,Q2,273415,6480,8284,354,2159,2.370023590512591,0.12947351096318782
Madera,65+,Q3,208067,4032,5732,447,9698,1.9378373312442627,0.21483464460966903
Madera,65+,Q4,14583,0,0,0,824,0,0
Marin,0-17,Q1,407222,1108,1119,0,0,0.27208746089356667,0
Marin,0-17,Q2,496906,12278,12517,9,52,2.470889866493864,0.0018112077535791477
Marin,0-17,Q3,348975,6302,6445,5,162,1.8058600186259761,0.0014327673902141988
Marin,0-17,Q4,36919,0,0,0,20,0,0
Marin,18-49,Q1,768437,1915,1970,3,14,0.24920715686516914,3.9040285670783687e-4
Marin,18-49,Q2,982009,24845,25923,132,758,2.530017545664042,0.013441831999503061
Marin,18-49,Q3,653960,11118,11886,116,2867,1.700103981894917,0.017738087956449933
Marin,18-49,Q4,66236,0,0,0,331,0,0
Marin,50-64,Q1,512640,1333,1498,28,116,0.2600265293383271,0.005461922596754058
Marin,50-64,Q2,623246,15326,17664,378,2339,2.4590611090965684,0.060650208745824274
Marin,50-64,Q3,441381,8167,10008,341,8660,1.850328854209855,0.07725751674856869
Marin,50-64,Q4,47120,0,0,0,1048,0,0
Marin,65+,Q1,603493,1536,1882,73,307,0.25451827941666266,0.01209624635248462
Marin,65+,Q2,745276,18705,23928,1098,6996,2.5098084468036004,0.14732796977227228
Marin,65+,Q3,503727,8669,12626,1108,25402,1.720971875638987,0.21996041506609731
Marin,65+,Q4,54629,0,0,0,3218,0,0
Mariposa,0-17,Q1,23945,70,71,0,0,0.2923366047191481,0
Mariposa,0-17,Q2,30329,772,784,0,0,2.545418576280128,0
Mariposa,0-17,Q3,20800,337,345,0,0,1.6201923076923075,0
Mariposa,0-17,Q4,1559,0,0,0,0,0,0
Mariposa,18-49,Q1,48614,119,122,0,0,0.24478545275023658,0
Mariposa,18-49,Q2,58865,1449,1520,9,52,2.4615645969591435,0.015289221099125118
Mariposa,18-49,Q3,42433,775,832,12,246,1.8264086913487145,0.0282798765112059
Mariposa,18-49,Q4,4385,0,0,0,32,0,0
Mariposa,50-64,Q1,33186,90,98,3,14,0.2711986982462484,0.00903995660820828
Mariposa,50-64,Q2,40078,971,1108,28,199,2.4227755876041717,0.06986376565696892
Mariposa,50-64,Q3,29560,565,684,27,704,1.9113667117726658,0.09133964817320704
Mariposa,50-64,Q4,2100,0,0,0,58,0,0
Mariposa,65+,Q1,50727,117,139,2,2,0.2306464013247383,0.003942673526918603
Mariposa,65+,Q2,63102,1573,2014,99,598,2.492789451998352,0.15688884662926691
Mariposa,65+,Q3,43916,723,1031,98,2273,1.6463248018945258,0.2231532926496038
Mariposa,65+,Q4,3306,0,0,0,199,0,0
Mendocino,0-17,Q1,163735,421,424,0,0,0.2571227898738816,0
Mendocino,0-17,Q2,200046,4949,5038,4,16,2.47393099587095,0.0019995401057756714
Mendocino,0-17,Q3,143528,2601,2673,4,98,1.8121899559667798,0.0027869126581572933
Mendocino,0-17,Q4,10671,0,0,0,8,0,0
Mendocino,18-49,Q1,294621,753,779,4,24,0.2555825959452992,0.0013576764724849892
Mendocino,18-49,Q2,362738,8942,9336,41,282,2.4651401286879238,0.011302923873429307
Mendocino,18-49,Q3,255759,4441,4735,48,1088,1.7364002830789922,0.01876766799995308
Mendocino,18-49,Q4,22170,0,0,0,106,0,0
Mendocino,50-64,Q1,139194,343,372,7,31,0.24641866747129904,0.00502895239737345
Mendocino,50-64,Q2,176930,4556,5264,126,730,2.575029672751936,0.07121460464590516
Mendocino,50-64,Q3,120264,1998,2478,104,2759,1.6613450409099981,0.08647641854586577
Mendocino,50-64,Q4,9017,0,0,0,237,0,0
Mendocino,65+,Q1,199394,532,668,20,81,0.26680842954151074,0.010030392088026722
Mendocino,65+,Q2,224786,6025,7718,383,2460,2.680327066632264,0.17038427660085592
Mendocino,65+,Q3,161997,2758,4063,366,8922,1.7025006635925357,0.22593010981684847
Mendocino,65+,Q4,11981,0,0,0,771,0,0
Merced,0-17,Q1,680511,1634,1656,0,0,0.2401136792792475,0
Merced,0-17,Q2,886936,21812,22204,20,130,2.4592529787944115,0.00225495413423291
Merced,0-17,Q3,627170,11164,11461,13,402,1.7800596329543825,0.0020728032271951783
Merced,0-17,Q4,41772,0,0,0,29,0,0
Merced,18-49,Q1,1158154,2944,3040,12,56,0.25419762829468273,0.0010361316370707176
Merced,18-49,Q2,1368589,32804,34330,172,1017,2.396921208631664,0.012567688327174921
Merced,18-49,Q3,1059300,20326,21670,160,4228,1.9188143113376757,0.01510431416973473
Merced,18-49,Q4,75167,0,0,0,351,0,0
Merced,50-64,Q1,389729,929,1042,17,80,0.23837076532667573,0.004362005393491374
Merced,50-64,Q2,487698,12208,14153,334,1994,2.503188448589086,0.06848500506460965
Merced,50-64,Q3,339126,5650,7046,313,7735,1.6660474277996968,0.09229607874359383
Merced,50-64,Q4,25131,0,0,0,666,0,0
Merced,65+,Q1,306507,735,881,23,87,0.23979876479166873,0.007503906925453578
Merced,65+,Q2,405103,9782,12479,594,3458,2.4146945344764172,0.14662937573900958
Merced,65+,Q3,277193,5010,7388,649,14315,1.807404948898421,0.23413289657386732
Merced,65+,Q4,26601,0,0,1,1650,0,0.0037592571707830533
Modoc,0-17,Q1,14636,27,29,0,0,0.18447663295982508,0
Modoc,0-17,Q2,19539,500,504,0,0,2.5589845949127388,0
Modoc,0-17,Q3,13203,218,224,0,0,1.6511398924486858,0
Modoc,0-17,Q4,903,0,0,0,0,0,0
Modoc,18-49,Q1,27523,49,50,0,0,0.1780329179231915,0
Modoc,18-49,Q2,36346,969,1019,3,16,2.666043030869972,0.008254003191547902
Modoc,18-49,Q3,23368,397,422,2,58,1.6989044847654913,0.008558712769599451
Modoc,18-49,Q4,2420,0,0,0,7,0,0
Modoc,50-64,Q1,15793,38,49,1,4,0.240612929779016,0.006331919204710948
Modoc,50-64,Q2,19538,515,576,11,76,2.6358890367488996,0.05630054253250076
Modoc,50-64,Q3,13309,187,245,12,277,1.4050642422420918,0.09016455030430535
Modoc,50-64,Q4,1527,0,0,0,33,0,0
Modoc,65+,Q1,24137,69,82,5,19,0.28586816920081204,0.020715084724696523
Modoc,65+,Q2,29790,767,1017,51,323,2.574689493118496,0.17119838872104734
Modoc,65+,Q3,20455,362,521,50,1212,1.769738450256661,0.24443901246638963
Modoc,65+,Q4,1541,0,0,0,106,0,0
Mono,0-17,Q1,24353,63,63,0,0,0.25869502730669736,0
Mono,0-17,Q2,29047,747,764,0,0,2.571694150858953,0
Mono,0-17,Q3,20136,366,375,1,13,1.8176400476758046,0.004966229638458482
Mono,0-17,Q4,1469,0,0,0,1,0,0
Mono,18-49,Q1,48700,104,111,1,4,0.2135523613963039,0.0020533880903490756
Mono,18-49,Q2,59897,1486,1556,9,64,2.480925588927659,0.015025794280180976
Mono,18-49,Q3,42672,755,804,8,213,1.7693100862392201,0.018747656542932135
Mono,18-49,Q4,3125,0,0,0,18,0,0
Mono,50-64,Q1,27493,63,72,1,4,0.22914923798785145,0.003637289491870658
Mono,50-64,Q2,34599,865,1007,25,160,2.500072256423596,0.07225642359605769
Mono,50-64,Q3,24091,359,445,12,451,1.4901830559129965,0.04981113278817816
Mono,50-64,Q4,1811,0,0,0,38,0,0
Mono,65+,Q1,25158,77,98,1,3,0.3060656649972176,0.003974878766197631
Mono,65+,Q2,28849,742,972,58,337,2.5720128947277203,0.2010468300461021
Mono,65+,Q3,21189,307,453,46,1254,1.4488649771107651,0.21709377507197128
Mono,65+,Q4,1596,0,0,0,105,0,0
Monterey,0-17,Q1,960320,2231,2265,4,19,0.23231839386871042,4.165278240586471e-4
Monterey,0-17,Q2,1284324,31853,32395,34,247,2.4801374108091103,0.0026473070658182825
Monterey,0-17,Q3,860939,14256,14625,27,783,1.6558664434994814,0.0031361106884459874
Monterey,0-17,Q4,62933,0,0,0,65,0,0
Monterey,18-49,Q1,1621322,3648,3785,16,73,0.22500157279059926,9.868490034675409e-4
Monterey,18-49,Q2,2202876,53931,56382,271,1699,2.448208614556607,0.012302099618861887
Monterey,18-49,Q3,1450777,25013,26729,226,5903,1.7241105972868331,0.015577859312630404
Monterey,18-49,Q4,146146,0,0,0,684,0,0
Monterey,50-64,Q1,651176,1626,1803,26,112,0.2497020774721427,0.003992776146541027
Monterey,50-64,Q2,793920,19631,22594,457,2762,2.4726672712615883,0.05756247480854494
Monterey,50-64,Q3,579175,10618,13032,500,11651,1.8332973626278757,0.08632969309794104
Monterey,50-64,Q4,42336,0,0,0,997,0,0
Monterey,65+,Q1,629405,1706,2097,62,247,0.27104964212232185,0.009850573160365743
Monterey,65+,Q2,761511,18994,24588,1236,7314,2.4942515603845514,0.16230888325972967
Monterey,65+,Q3,540496,10071,14360,1178,28469,1.863288534975282,0.21794795891181434
Monterey,65+,Q4,56629,0,1,1,3495,0,0.0017658796729590847
Napa,0-17,Q1,240915,657,667,1,1,0.2727102920117054,4.15084158313098e-4
Napa,0-17,Q2,279002,6949,7090,11,71,2.490663149368105,0.003942624067210988
Napa,0-17,Q3,210682,3766,3861,8,247,1.7875281229530762,0.0037971919765333534
Napa,0-17,Q4,15545,0,0,0,20,0,0
Napa,18-49,Q1,504300,1317,1363,6,20,0.2611540749553837,0.001189767995240928
Napa,18-49,Q2,624884,15888,16626,74,475,2.5425518976322006,0.011842197911932454
Napa,18-49,Q3,435269,7166,7671,69,1762,1.6463382414093355,0.015852266069947548
Napa,18-49,Q4,32726,0,0,0,151,0,0
Napa,50-64,Q1,233103,593,657,11,49,0.25439398034345334,0.0047189439861348844
Napa,50-64,Q2,307779,7858,9060,179,1159,2.5531306554378306,0.058158613810558875
Napa,50-64,Q3,205204,3393,4285,165,4092,1.6534765404183156,0.08040778932184557
Napa,50-64,Q4,15991,0,0,0,370,0,0
Napa,65+,Q1,263788,698,847,31,125,0.2646064263726932,0.011751861343199842
Napa,65+,Q2,317236,7818,10085,454,2969,2.464411353062074,0.14311112231903061
Napa,65+,Q3,235536,4330,6175,490,11483,1.8383601657496096,0.20803613884926297
Napa,65+,Q4,16846,0,0,0,981,0,0
Nevada,0-17,Q1,134550,343,347,1,5,0.25492382014121145,7.432181345224824e-4
Nevada,0-17,Q2,163743,3967,4051,4,41,2.4226989856054915,0.0024428525188863034
Nevada,0-17,Q3,117737,2126,2192,3,97,1.8057195274212865,0.0025480520142351173
Nevada,0-17,Q4,12093,0,0,0,12,0,0
Nevada,18-49,Q1,290069,693,713,0,0,0.2389086734535576,0
Nevada,18-49,Q2,388053,9581,10046,47,249,2.4689926376036264,0.012111747622103165
Nevada,18-49,Q3,261538,4292,4590,42,1039,1.6410617195206816,0.01605885186856212
Nevada,18-49,Q4,19409,0,0,0,89,0,0
Nevada,50-64,Q1,160027,360,409,6,21,0.2249620376561455,0.0037493672942690917
Nevada,50-64,Q2,217106,5474,6336,119,699,2.5213490184518164,0.05481193518373514
Nevada,50-64,Q3,144437,2354,2949,119,2836,1.6297763038556603,0.08238886157978911
Nevada,50-64,Q4,10600,0,0,0,241,0,0
Nevada,65+,Q1,255924,595,728,37,136,0.23249089573467124,0.014457417045685438
Nevada,65+,Q2,350707,8713,11242,588,3754,2.484410063101107,0.16766132412526696
Nevada,65+,Q3,232439,3816,5508,466,12826,1.6417210536958085,0.20048270729094514
Nevada,65+,Q4,17338,0,1,0,1103,0,0
Orange,0-17,Q1,6210710,16011,16226,4,22,0.25779661262560966,6.440487480497399e-5
Orange,0-17,Q2,7622715,189687,193036,133,774,2.488444077995832,0.0017447851585688304
Orange,0-17,Q3,5355515,95538,97959,144,3243,1.7839180732385214,0.0026888170418717904
Orange,0-17,Q4,524346,0,0,0,368,0,0
Orange,18-49,Q1,11764129,29907,30987,87,356,0.25422196577409173,7.395362631606641e-4
Orange,18-49,Q2,14651835,373480,390564,1986,12278,2.549032254321728,0.01355461619653784
Orange,18-49,Q3,9954064,167119,178700,1709,43681,1.6789022051696676,0.017168866907024107
Orange,18-49,Q4,920857,0,0,0,4584,0,0
Orange,50-64,Q1,5683200,14028,15660,236,995,0.24683277027027026,0.00415259009009009
Orange,50-64,Q2,7079622,172932,199396,4238,25348,2.4426727867674294,0.05986195308167583
Orange,50-64,Q3,5116218,93459,114839,4377,104333,1.8267204407630793,0.08555147571897835
Orange,50-64,Q4,401410,0,0,0,9583,0,0
Orange,65+,Q1,4953543,12703,15324,489,1990,0.256442711812535,0.009871722118895506
Orange,65+,Q2,5850733,139019,179181,8643,50046,2.376095439665423,0.14772507991733685
Orange,65+,Q3,4564837,87844,124706,9842,227392,1.9243622499554751,0.21560463166592803
Orange,65+,Q4,316384,0,3,1,18975,0,3.160716091837767e-4
Placer,0-17,Q1,620072,1493,1511,1,5,0.24077849023984313,1.6127159426647226e-4
Placer,0-17,Q2,821539,20506,20872,13,84,2.4960470531526804,0.001582395966594404
Placer,0-17,Q3,569658,9160,9390,14,331,1.6079823332596048,0.0024576149198290904
Placer,0-17,Q4,27060,0,0,0,20,0,0
Placer,18-49,Q1,1438065,3680,3813,14,52,0.25589942040172037,9.735304037021971e-4
Placer,18-49,Q2,1810682,46855,49010,231,1473,2.5876989996034645,0.012757623922919653
Placer,18-49,Q3,1210161,19261,20571,218,5365,1.5916064060897683,0.018014132003923447
Placer,18-49,Q4,89949,0,0,0,459,0,0
Placer,50-64,Q1,682939,1697,1914,36,149,0.2484848573591492,0.00527133462871501
Placer,50-64,Q2,833638,20518,23633,520,3218,2.461260163284303,0.06237719489754546
Placer,50-64,Q3,610752,11123,13607,498,12529,1.8211974745887038,0.08153882426909777
Placer,50-64,Q4,42158,0,0,0,1009,0,0
Placer,65+,Q1,810361,2083,2507,85,347,0.25704593384923513,0.01048915236542726
Placer,65+,Q2,1004717,25646,33039,1524,9131,2.5525595764777544,0.15168450419371823
Placer,65+,Q3,695425,11731,17149,1484,35854,1.6868821224431105,0.21339468670237624
Placer,65+,Q4,51778,0,0,0,3105,0,0
Plumas,0-17,Q1,27608,79,80,0,0,0.2861489423355549,0
Plumas,0-17,Q2,34188,818,836,0,0,2.3926523926523924,0
Plumas,0-17,Q3,23840,412,417,1,12,1.7281879194630874,0.0041946308724832215
Plumas,0-17,Q4,2534,0,0,0,1,0,0
Plumas,18-49,Q1,54219,133,137,0,0,0.245301462586916,0
Plumas,18-49,Q2,64219,1470,1532,9,51,2.289042183777387,0.01401454398231053
Plumas,18-49,Q3,50256,1010,1076,10,233,2.0097102833492517,0.019898121617319325
Plumas,18-49,Q4,3614,0,0,0,21,0,0
Plumas,50-64,Q1,31664,80,87,0,0,0.25265285497726125,0
Plumas,50-64,Q2,39413,990,1137,22,116,2.5118615685180017,0.055819145967066705
Plumas,50-64,Q3,27105,466,579,23,515,1.7192399926212873,0.08485519276886183
Plumas,50-64,Q4,2013,0,0,0,45,0,0
Plumas,65+,Q1,56493,151,184,5,9,0.2672897527127255,0.008850654063335281
Plumas,65+,Q2,69839,1787,2332,129,732,2.5587422500322172,0.18471054854737326
Plumas,65+,Q3,49255,738,1056,84,2556,1.498325043142828,0.1705410618211349
Plumas,65+,Q4,3651,0,0,0,217,0,0
Riverside,0-17,Q1,5132285,12730,12936,6,28,0.2480376674327322,1.1690699172006231e-4
Riverside,0-17,Q2,6531827,161590,164406,126,722,2.4738867088794603,0.001929016184905081
Riverside,0-17,Q3,4494731,79698,81731,109,2770,1.7731428198928922,0.0024250617000216475
Riverside,0-17,Q4,428111,0,0,0,299,0,0
Riverside,18-49,Q1,9264565,23429,24303,83,343,0.25288828995209167,8.958866390380984e-4
Riverside,18-49,Q2,11572575,294243,307785,1553,9522,2.5425888361060527,0.01341965811411894
Riverside,18-49,Q3,8093519,132417,141834,1370,35731,1.636086849243203,0.016927124035910707
Riverside,18-49,Q4,502997,0,0,0,2566,0,0
Riverside,50-64,Q1,4032923,10310,11504,164,707,0.2556458429779096,0.0040665294130336725
Riverside,50-64,Q2,4949070,123952,142973,3002,18145,2.504551360154534,0.060657860971859365
Riverside,50-64,Q3,3527922,61052,75267,2951,71985,1.730537126387715,0.08364697405441504
Riverside,50-64,Q4,257256,0,0,0,6117,0,0
Riverside,65+,Q1,3628759,8437,10331,387,1548,0.23250372923635876,0.010664803035969046
Riverside,65+,Q2,4876954,119236,153224,7244,44582,2.4448867059234103,0.1485353357854103
Riverside,65+,Q3,3324041,56656,82468,7113,171711,1.704431443535143,0.21398653025037898
Riverside,65+,Q4,244081,0,0,0,14792,0,0
Sacramento,0-17,Q1,3203585,8175,8285,2,11,0.25518286544605495,6.243005882472292e-5
Sacramento,0-17,Q2,3919217,97265,99019,87,517,2.481745716044812,0.0022198311550495928
Sacramento,0-17,Q3,2782057,49282,50546,79,1988,1.771423087305544,0.0028396255001245482
Sacramento,0-17,Q4,243769,0,0,0,194,0,0
Sacramento,18-49,Q1,5880529,14349,14902,63,238,0.24400865976513336,0.0010713321879715243
Sacramento,18-49,Q2,7665933,189373,198213,993,6132,2.470319007484151,0.012953413498396085
Sacramento,18-49,Q3,5291371,91659,98025,926,23294,1.7322353696234871,0.017500190404339443
Sacramento,18-49,Q4,419112,0,0,0,2119,0,0
Sacramento,50-64,Q1,2528184,6464,7187,104,427,0.2556775930865791,0.004113624641244466
Sacramento,50-64,Q2,3090296,77137,88936,1821,11127,2.4961039330860215,0.05892639410593678
Sacramento,50-64,Q3,2212573,38575,47547,1776,43276,1.743445301013797,0.08026853803241746
Sacramento,50-64,Q4,176670,0,0,0,4061,0,0
Sacramento,65+,Q1,2128017,5236,6431,222,855,0.2460506659486273,0.010432247486744702
Sacramento,65+,Q2,2789809,67548,86634,4076,24736,2.421241024027093,0.14610319201063585
Sacramento,65+,Q3,1961260,34200,49185,4085,98844,1.7437769597095742,0.20828447018753252
Sacramento,65+,Q4,140805,0,2,0,8367,0,0
San Benito,0-17,Q1,119869,297,300,0,0,0.24777048277703162,0
San Benito,0-17,Q2,145047,3666,3744,2,9,2.527456617510186,0.001378863402896992
San Benito,0-17,Q3,105765,1877,1929,1,40,1.7746891693849571,9.454923651491515e-4
San Benito,0-17,Q4,7607,0,0,0,3,0,0
San Benito,18-49,Q1,242061,606,627,4,14,0.25035011835859555,0.0016524760287696077
San Benito,18-49,Q2,300049,7630,7972,32,214,2.5429179900616234,0.010664924728960936
San Benito,18-49,Q3,208157,3403,3626,32,796,1.6348237147922002,0.015373011717117368
San Benito,18-49,Q4,15470,0,0,0,68,0,0
San Benito,50-64,Q1,104786,231,266,5,12,0.2204492966617678,0.004771629797873762
San Benito,50-64,Q2,129594,3249,3734,86,557,2.5070605120607437,0.06636109696436562
San Benito,50-64,Q3,90179,1660,2060,83,1965,1.8407833309307045,0.09203916654653523
San Benito,50-64,Q4,8345,0,0,0,218,0,0
San Benito,65+,Q1,85277,185,236,8,24,0.2169400893558638,0.009381193053226544
San Benito,65+,Q2,111071,2778,3552,164,1025,2.5011028981462307,0.14765330284232608
San Benito,65+,Q3,72538,1350,1925,161,3682,1.861093495822879,0.22195263172406188
San Benito,65+,Q4,9298,0,0,0,553,0,0
San Bernardino,0-17,Q1,4928046,11871,12049,6,22,0.24088655016613075,1.2175211026845123e-4
San Bernardino,0-17,Q2,6361342,154569,157402,121,747,2.4298174819086915,0.0019021143651764046
San Bernardino,0-17,Q3,4502690,79385,81416,129,3001,1.7630571946991687,0.0028649540607947692
San Bernardino,0-17,Q4,330708,0,0,0,259,0,0
San Bernardino,18-49,Q1,8748081,22572,23433,94,372,0.25802230226263334,0.0010745213721729372
San Bernardino,18-49,Q2,10242248,251695,263319,1257,7788,2.4574195039995126,0.012272696384621815
San Bernardino,18-49,Q3,7911048,143571,153093,1414,33619,1.814816444041295,0.017873738093865693
San Bernardino,18-49,Q4,420610,0,0,0,2092,0,0
San Bernardino,50-64,Q1,3397507,8681,9738,134,521,0.25551087900628316,0.0039440684007420734
San Bernardino,50-64,Q2,4150547,104169,119922,2634,15734,2.509765580295802,0.06346151483165954
San Bernardino,50-64,Q3,2973600,52366,64434,2605,63170,1.7610304008609092,0.08760425073984396
San Bernardino,50-64,Q4,227602,0,0,0,5654,0,0
San Bernardino,65+,Q1,2532086,5920,7235,253,967,0.23379932593126773,0.009991761733211273
San Bernardino,65+,Q2,3394980,81618,104819,4928,29509,2.404078963646325,0.14515549428862615
San Bernardino,65+,Q3,2375261,41805,60497,5120,120854,1.7600171096986816,0.21555525897996053
San Bernardino,65+,Q4,171029,0,0,0,10301,0,0
San Diego,0-17,Q1,7053036,18026,18320,7,32,0.25557788163848877,9.924804013477317e-5
San Diego,0-17,Q2,8659500,216523,220481,193,1093,2.5004099543853573,0.0022287660950401295
San Diego,0-17,Q3,6097227,108065,110936,186,4514,1.7723630758703917,0.003050567085660416
San Diego,0-17,Q4,565553,0,0,0,486,0,0
San Diego,18-49,Q1,12789905,32802,34096,115,518,0.25646789401485,8.991466316598912e-4
San Diego,18-49,Q2,15252344,393821,411905,2016,12396,2.582035915266532,0.013217640514795627
San Diego,18-49,Q3,10783850,179727,192185,1836,46484,1.666631119683601,0.017025459367480074
San Diego,18-49,Q4,820847,0,0,0,4065,0,0
San Diego,50-64,Q1,5329950,13285,14933,255,1004,0.24925186915449488,0.004784285030816424
San Diego,50-64,Q2,6396169,154979,178829,3904,23460,2.4229972660197068,0.06103653608902454
San Diego,50-64,Q3,4694254,89974,110044,4094,95462,1.9166836732737513,0.08721300551695754
San Diego,50-64,Q4,501354,0,1,1,12096,0,1.9945986269183052e-4
San Diego,65+,Q1,5021204,12782,15661,504,1995,0.2545604600012268,0.010037433253060422
San Diego,65+,Q2,6217581,157274,202170,9782,59010,2.5295046417569793,0.15732806697652996
San Diego,65+,Q3,4357403,73702,107572,9191,226158,1.6914203253635252,0.21092839014431303
San Diego,65+,Q4,327389,0,1,0,19871,0,0
San Francisco,0-17,Q1,1218225,3149,3194,1,5,0.25849083707853643,8.208664245110714e-5
San Francisco,0-17,Q2,1499982,37444,38081,35,199,2.4962966222261334,0.0023333613336693373
San Francisco,0-17,Q3,1060938,18941,19430,28,747,1.7853069642146855,0.002639174013938609
San Francisco,0-17,Q4,88517,0,0,0,68,0,0
San Francisco,18-49,Q1,3765980,9388,9731,33,133,0.24928438281669046,8.762659387463556e-4
San Francisco,18-49,Q2,4763050,118325,123818,632,3843,2.4842275432758423,0.013268808851471222
San Francisco,18-49,Q3,3293742,58366,62332,569,14218,1.7720270743731596,0.017275184273692352
San Francisco,18-49,Q4,314663,0,0,0,1593,0,0
San Francisco,50-64,Q1,1450812,3519,3946,54,217,0.24255382503039677,0.0037220535810291067
San Francisco,50-64,Q2,1870524,46733,53809,1142,6977,2.4983908252446905,0.06105241098216329
San Francisco,50-64,Q3,1290392,22177,27322,1078,26644,1.718625037972957,0.08354050552080297
San Francisco,50-64,Q4,94963,0,0,0,2287,0,0
San Francisco,65+,Q1,1471927,3795,4671,152,609,0.25782528617248,0.010326599077264022
San Francisco,65+,Q2,1802078,45762,58751,2789,17026,2.5394017351080254,0.154765775954204
San Francisco,65+,Q3,1244546,21375,31096,2677,63958,1.7174937688120808,0.21509851785309664
San Francisco,65+,Q4,118434,0,0,1,7109,0,8.443521286117163e-4
San Joaquin,0-17,Q1,1743551,4379,4440,3,11,0.25115411020383116,1.7206264686263838e-4
San Joaquin,0-17,Q2,2147046,52391,53362,41,267,2.440143341130092,0.0019096004463807481
San Joaquin,0-17,Q3,1549514,28155,28854,42,987,1.8170213370127666,0.002710527300818192
San Joaquin,0-17,Q4,137657,0,0,0,111,0,0
San Joaquin,18-49,Q1,2926149,7463,7742,36,150,0.2550451121935349,0.0012302859492117455
San Joaquin,18-49,Q2,3602843,86716,90810,455,2843,2.40687701351405,0.012628915553633617
San Joaquin,18-49,Q3,2678518,49134,52400,454,11433,1.8343725896185876,0.016949671422779315
San Joaquin,18-49,Q4,189698,0,0,0,945,0,0
San Joaquin,50-64,Q1,1254512,3169,3559,55,248,0.25260818549364217,0.004384174882344688
San Joaquin,50-64,Q2,1575387,39516,45538,1006,6168,2.5083360469522726,0.06385732521596281
San Joaquin,50-64,Q3,1089595,18608,23067,938,23163,1.7077905093176822,0.08608703233770346
San Joaquin,50-64,Q4,89423,0,0,0,2236,0,0
San Joaquin,65+,Q1,1005121,2573,3164,98,382,0.2559890799217208,0.009750069892082644
San Joaquin,65+,Q2,1245105,31394,40395,1878,11327,2.521393778034784,0.15083065283650776
San Joaquin,65+,Q3,864549,14552,21239,1809,43716,1.6831897324500984,0.20924204411780015
San Joaquin,65+,Q4,70792,0,1,0,4166,0,0
San Luis Obispo,0-17,Q1,414531,894,910,0,0,0.2156654146493266,0
San Luis Obispo,0-17,Q2,559001,13566,13810,14,82,2.4268292901086044,0.002504467791649747
San Luis Obispo,0-17,Q3,372892,6661,6831,8,268,1.78630809993242,0.0021453933042274976
San Luis Obispo,0-17,Q4,36785,0,0,0,28,0,0
San Luis Obispo,18-49,Q1,1000847,2493,2586,7,37,0.24908902159870588,6.994076017613082e-4
San Luis Obispo,18-49,Q2,1227050,31115,32576,163,974,2.535756489140622,0.013283892261929017
San Luis Obispo,18-49,Q3,870404,14623,15581,156,3770,1.680024448417057,0.017922711752243786
San Luis Obispo,18-49,Q4,62468,0,0,0,321,0,0
San Luis Obispo,50-64,Q1,443859,1161,1324,19,80,0.26156955249302144,0.004280638671289757
San Luis Obispo,50-64,Q2,537015,13195,15202,334,2048,2.457100825861475,0.06219565561483385
San Luis Obispo,50-64,Q3,394733,7215,8871,351,8256,1.82781779075983,0.08892086549642417
San Luis Obispo,50-64,Q4,31700,0,0,0,775,0,0
San Luis Obispo,65+,Q1,614907,1509,1856,62,258,0.24540296337494938,0.010082825532966773
San Luis Obispo,65+,Q2,759238,19380,24888,1195,7184,2.552559276537792,0.15739465095266572
San Luis Obispo,65+,Q3,532546,8927,12983,1118,27693,1.6762871188592159,0.20993491642036557
San Luis Obispo,65+,Q4,39199,0,0,0,2376,0,0
San Mateo,0-17,Q1,1387214,3580,3626,3,18,0.2580712132374673,2.1626079321575476e-4
San Mateo,0-17,Q2,1699551,42636,43390,40,303,2.508662582058438,0.0023535627939379284
San Mateo,0-17,Q3,1212368,21070,21609,36,946,1.7379211592519765,0.00296939543109023
San Mateo,0-17,Q4,88968,0,0,0,83,0,0
San Mateo,18-49,Q1,2696210,6463,6728,27,122,0.23970684776037474,0.0010014056768575148
San Mateo,18-49,Q2,3398485,83125,87009,454,2798,2.44594282452328,0.013358893742358727
San Mateo,18-49,Q3,2441100,42957,45881,426,10901,1.7597394617180777,0.01745114907213961
San Mateo,18-49,Q4,167718,0,0,0,853,0,0
San Mateo,50-64,Q1,1438987,3615,4058,49,182,0.2512183918270283,0.0034051732225516976
San Mateo,50-64,Q2,1816140,45791,52852,1162,6843,2.5213364608455295,0.06398185161936855
San Mateo,50-64,Q3,1252412,21347,26299,1014,26007,1.7044710526567937,0.08096377230496035
San Mateo,50-64,Q4,104113,0,0,0,2485,0,0
San Mateo,65+,Q1,1320481,3172,3920,149,543,0.24021549723169058,0.01128376705155167
San Mateo,65+,Q2,1710107,43052,55240,2569,16103,2.517503290729761,0.15022451811494836
San Mateo,65+,Q3,1159293,19016,27828,2465,59646,1.6403100855435166,0.21262959407155912
San Mateo,65+,Q4,93436,0,0,0,5601,0,0
Santa Barbara,0-17,Q1,907865,2315,2356,3,19,0.254993859219157,3.3044560589955553e-4
Santa Barbara,0-17,Q2,1113927,27989,28514,25,148,2.5126422108450552,0.0022443122394914567
Santa Barbara,0-17,Q3,765397,13805,14180,30,654,1.8036391571955468,0.003919534568335125
Santa Barbara,0-17,Q4,84772,0,0,0,82,0,0
Santa Barbara,18-49,Q1,1843125,4856,5023,13,60,0.2634655815530688,7.053238385893524e-4
Santa Barbara,18-49,Q2,2203555,57232,59922,299,1701,2.5972576132658363,0.013568982848170345
Santa Barbara,18-49,Q3,1551424,25804,27609,261,6755,1.6632461532115013,0.01682325399117198
Santa Barbara,18-49,Q4,115060,0,0,0,574,0,0
Santa Barbara,50-64,Q1,656471,1562,1759,34,144,0.23793891885551685,0.005179208220926743
Santa Barbara,50-64,Q2,840750,20980,24181,522,3247,2.495391019922688,0.062087421944692245
Santa Barbara,50-64,Q3,579013,9999,12365,505,12306,1.7269042318566248,0.0872173854473043
Santa Barbara,50-64,Q4,51837,0,0,0,1311,0,0
Santa Barbara,65+,Q1,652750,1604,1965,66,266,0.24572960551512832,0.010111068556108771
Santa Barbara,65+,Q2,866207,21468,27447,1294,7788,2.4783914237589864,0.14938692483436405
Santa Barbara,65+,Q3,565285,9650,14073,1295,29468,1.707103496466384,0.2290879821682868
Santa Barbara,65+,Q4,60127,0,0,0,3713,0,0
Santa Clara,0-17,Q1,3750532,9442,9575,4,13,0.2517509515983333,1.0665153636870716e-4
Santa Clara,0-17,Q2,4611717,115749,117809,94,510,2.509889483678205,0.002038286390947233
Santa Clara,0-17,Q3,3233696,56316,57775,93,2238,1.741536619397742,0.00287596607720701
Santa Clara,0-17,Q4,280199,0,0,0,210,0,0
Santa Clara,18-49,Q1,7709366,20105,20862,66,278,0.2607866846638232,8.561015263771366e-4
Santa Clara,18-49,Q2,9071967,228111,238663,1185,7239,2.5144602047163533,0.013062216826846922
Santa Clara,18-49,Q3,6687366,117326,125177,1088,27858,1.7544426310747758,0.016269484876407243
Santa Clara,18-49,Q4,483308,0,0,0,2339,0,0
Santa Clara,50-64,Q1,3595040,9329,10533,160,645,0.2594964172860385,0.004450576349637278
Santa Clara,50-64,Q2,4055366,100007,115514,2587,15488,2.4660412894915034,0.06379202271755496
Santa Clara,50-64,Q3,3187082,58550,71836,2700,66031,1.837103657828697,0.08471699190670337
Santa Clara,50-64,Q4,197740,0,1,0,4828,0,0
Santa Clara,65+,Q1,2849500,6672,8144,310,1148,0.23414634146341462,0.010879101596771364
Santa Clara,65+,Q2,3780141,95109,122394,5787,35676,2.516017259673647,0.1530895276128589
Santa Clara,65+,Q3,2512761,41431,60990,5425,132254,1.6488237440807143,0.21589797039989078
Santa Clara,65+,Q4,210304,0,1,0,12765,0,0
Santa Cruz,0-17,Q1,511110,1329,1341,0,0,0.2600223043963139,0
Santa Cruz,0-17,Q2,638515,16165,16450,14,68,2.5316554818602537,0.002192587488156112
Santa Cruz,0-17,Q3,432401,7315,7517,12,281,1.691716716658842,0.0027752017224752026
Santa Cruz,0-17,Q4,41060,0,0,0,37,0,0
Santa Cruz,18-49,Q1,1008528,2548,2653,6,30,0.25264543969032094,5.949264670886678e-4
Santa Cruz,18-49,Q2,1230325,31197,32592,168,979,2.535671468920814,0.013654928575782821
Santa Cruz,18-49,Q3,895524,15297,16369,153,3963,1.7081619253085343,0.017084969247055354
Santa Cruz,18-49,Q4,50509,0,0,0,266,0,0
Santa Cruz,50-64,Q1,456150,1154,1282,23,98,0.2529869560451606,0.005042201030362819
Santa Cruz,50-64,Q2,552495,13511,15632,353,2071,2.4454519950406794,0.06389198092290428
Santa Cruz,50-64,Q3,398635,7480,9239,390,8783,1.8764032260087549,0.09783385804056342
Santa Cruz,50-64,Q4,39309,0,0,0,1063,0,0
Santa Cruz,65+,Q1,487484,1238,1486,32,134,0.25395705294943016,0.006564318008385916
Santa Cruz,65+,Q2,575935,13768,17695,852,4712,2.3905475444277564,0.1479333605354771
Santa Cruz,65+,Q3,432435,8655,12196,904,20637,2.001456866349856,0.20904875877299478
Santa Cruz,65+,Q4,46067,0,0,0,2665,0,0
Shasta,0-17,Q1,337622,881,896,1,7,0.2609427110792543,2.96189229374863e-4
Shasta,0-17,Q2,417748,10697,10890,8,45,2.5606346409797296,0.0019150301138485403
Shasta,0-17,Q3,290399,4695,4829,15,271,1.6167411044803872,0.00516530704306833
Shasta,0-17,Q4,22191,0,0,0,24,0,0
Shasta,18-49,Q1,584067,1363,1406,5,10,0.2333636380757687,8.560661704907142e-4
Shasta,18-49,Q2,759802,18397,19305,113,654,2.4212887041624,0.014872295677031648
Shasta,18-49,Q3,528396,9775,10410,93,2494,1.8499383038478718,0.017600436036608907
Shasta,18-49,Q4,53896,0,0,0,295,0,0
Shasta,50-64,Q1,285431,693,782,16,54,0.24279072700582627,0.0056055579106684275
Shasta,50-64,Q2,354877,9009,10319,215,1394,2.538626059169797,0.06058437148645869
Shasta,50-64,Q3,245775,4099,5122,210,5157,1.6677855762384293,0.08544400366188587
Shasta,50-64,Q4,18460,0,0,0,448,0,0
Shasta,65+,Q1,327355,765,965,29,107,0.23369125261566193,0.008858884086083915
Shasta,65+,Q2,448602,10955,14139,682,4103,2.4420310208157785,0.15202785542641362
Shasta,65+,Q3,298440,4937,7035,583,14942,1.6542688647634367,0.19534914890765315
Shasta,65+,Q4,21805,0,1,0,1272,0,0
Sierra,0-17,Q1,3861,10,11,0,0,0.25900025900025897,0
Sierra,0-17,Q2,4866,114,118,0,0,2.342786683107275,0
Sierra,0-17,Q3,3511,48,51,0,0,1.3671318712617488,0
Sierra,0-17,Q4,292,0,0,0,0,0,0
Sierra,18-49,Q1,7948,20,20,0,0,0.25163563160543534,0
Sierra,18-49,Q2,9631,230,243,0,0,2.3881216903748315,0
Sierra,18-49,Q3,7206,135,146,2,25,1.8734388009991676,0.02775464890369137
Sierra,18-49,Q4,509,0,0,0,2,0,0
Sierra,50-64,Q1,5699,9,11,1,3,0.15792244253377785,0.017546938059308653
Sierra,50-64,Q2,7395,169,187,4,32,2.2853279242731577,0.054090601757944556
Sierra,50-64,Q3,5652,97,119,2,93,1.7162066525123851,0.035385704175513094
Sierra,50-64,Q4,412,0,0,0,7,0,0
Sierra,65+,Q1,9685,22,25,0,0,0.22715539494062983,0
Sierra,65+,Q2,12007,305,393,18,104,2.540184892146248,0.14991255101190973
Sierra,65+,Q3,8277,137,199,21,419,1.6551890781684186,0.25371511417180137
Sierra,65+,Q4,619,0,0,0,39,0,0
Siskiyou,0-17,Q1,76859,195,196,0,0,0.2537113415475091,0
Siskiyou,0-17,Q2,88027,2322,2365,1,2,2.637827030342963,0.0011360150862803457
Siskiyou,0-17,Q3,64947,1076,1106,3,47,1.6567354920165673,0.0046191510000461915
Siskiyou,0-17,Q4,4809,0,0,0,4,0,0
Siskiyou,18-49,Q1,126082,283,295,1,7,0.22445709934804334,7.931346266715312e-4
Siskiyou,18-49,Q2,171885,4259,4454,26,171,2.4778194723216105,0.015126392646246035
Siskiyou,18-49,Q3,113948,1899,2008,16,515,1.6665496542282443,0.014041492610664515
Siskiyou,18-49,Q4,8784,0,0,0,43,0,0
Siskiyou,50-64,Q1,64931,149,176,1,2,0.22947436509525498,0.001540096410035268
Siskiyou,50-64,Q2,87997,2141,2466,52,263,2.4330374899144287,0.059092923622396216
Siskiyou,50-64,Q3,56929,1041,1284,49,1133,1.8285935112157248,0.08607212492754132
Siskiyou,50-64,Q4,6285,0,0,0,144,0,0
Siskiyou,65+,Q1,110065,262,327,17,66,0.2380411574978422,0.015445418616272204
Siskiyou,65+,Q2,140410,3717,4849,233,1397,2.647247347055053,0.16594259668114808
Siskiyou,65+,Q3,89928,1419,2059,191,4991,1.5779290098745662,0.212392135930967
Siskiyou,65+,Q4,7339,0,0,0,461,0,0
Solano,0-17,Q1,862231,2262,2295,0,0,0.26234269006797484,0
Solano,0-17,Q2,1081142,26605,27102,27,152,2.4608238325770344,0.0024973592738049212
Solano,0-17,Q3,775034,13575,13880,19,560,1.7515360616437472,0.002451505353313532
Solano,0-17,Q4,58465,0,0,0,47,0,0
Solano,18-49,Q1,1609350,4007,4137,9,42,0.24898250846615094,5.592319880697176e-4
Solano,18-49,Q2,1987460,47735,49914,253,1463,2.401809344590583,0.012729815945981302
Solano,18-49,Q3,1492814,27448,29204,254,6280,1.8386751464013602,0.01701484578788784
Solano,18-49,Q4,95761,0,0,0,474,0,0
Solano,50-64,Q1,756245,1888,2125,30,107,0.24965454317053334,0.003966968376650424
Solano,50-64,Q2,904409,22622,26238,555,3298,2.501301955199473,0.06136604124903666
Solano,50-64,Q3,665364,11925,14742,533,13289,1.7922520605262684,0.08010652815601685
Solano,50-64,Q4,47576,0,0,0,1112,0,0
Solano,65+,Q1,742358,1895,2290,76,284,0.2552676740871655,0.010237648142809802
Solano,65+,Q2,910342,22538,28851,1381,8343,2.475772841415644,0.15170122876896813
Solano,65+,Q3,643566,11249,16232,1378,32410,1.7479170745502406,0.21411945317185804
Solano,65+,Q4,59691,0,0,0,3522,0,0
Sonoma,0-17,Q1,781407,2043,2068,1,2,0.2614514587148567,1.2797428228823136e-4
Sonoma,0-17,Q2,956004,23772,24189,13,76,2.486600474475002,0.0013598269463307685
Sonoma,0-17,Q3,687914,11882,12203,19,390,1.7272507900696887,0.0027619731536209467
Sonoma,0-17,Q4,49996,0,0,0,33,0,0
Sonoma,18-49,Q1,1749886,4517,4687,17,60,0.25813110111172954,9.714918571838394e-4
Sonoma,18-49,Q2,2088417,50694,53081,264,1550,2.4273887829873058,0.012641153562722388
Sonoma,18-49,Q3,1586746,29555,31517,299,6867,1.862616953185954,0.018843595635344285
Sonoma,18-49,Q4,111589,0,0,0,580,0,0
Sonoma,50-64,Q1,901561,2276,2523,29,136,0.2524510266082938,0.0032166431334097194
Sonoma,50-64,Q2,1103961,27470,31582,628,3765,2.4883125400263233,0.05688606753318278
Sonoma,50-64,Q3,771651,13791,16989,644,14893,1.7872069108962472,0.0834574179259795
Sonoma,50-64,Q4,78921,0,0,0,1774,0,0
Sonoma,65+,Q1,1057320,2729,3337,102,400,0.2581053985548368,0.009647032118942231
Sonoma,65+,Q2,1279210,31555,40736,2000,12027,2.4667568264788424,0.15634649510244605
Sonoma,65+,Q3,943334,17095,24489,2065,49182,1.8121895320215322,0.21890443893679226
Sonoma,65+,Q4,67301,0,0,0,4151,0,0
Stanislaus,0-17,Q1,1243256,3022,3068,5,13,0.2430714189193537,4.021697864317566e-4
Stanislaus,0-17,Q2,1602731,39350,40067,47,281,2.455184307285502,0.002932494598282556
Stanislaus,0-17,Q3,1110139,19709,20259,26,941,1.775363265320829,0.0023420490587214757
Stanislaus,0-17,Q4,97351,0,0,0,99,0,0
Stanislaus,18-49,Q1,2248524,5754,5992,20,88,0.25590120452350074,8.894723827719874e-4
Stanislaus,18-49,Q2,2642516,67218,70386,355,2237,2.543712128895341,0.013434166529171442
Stanislaus,18-49,Q3,1914927,32890,35164,333,8267,1.717558946111262,0.01738969683961843
Stanislaus,18-49,Q4,146332,0,0,0,740,0,0
Stanislaus,50-64,Q1,847652,2228,2478,31,115,0.26284371416571894,0.0036571611935086565
Stanislaus,50-64,Q2,1019911,25154,28887,584,3523,2.46629362758123,0.05725989816758521
Stanislaus,50-64,Q3,754881,13642,16722,677,15343,1.8071722562894017,0.08968300963993
Stanislaus,50-64,Q4,55543,0,0,0,1322,0,0
Stanislaus,65+,Q1,736562,1919,2326,73,294,0.26053475471175547,0.009910910418946402
Stanislaus,65+,Q2,894447,22011,28346,1356,8011,2.460850111856823,0.15160205132333163
Stanislaus,65+,Q3,640299,11747,16732,1349,31893,1.8346116423733287,0.21068282161927476
Stanislaus,65+,Q4,60473,0,0,0,3601,0,0
Sutter,0-17,Q1,211008,516,522,0,0,0.244540491355778,0
Sutter,0-17,Q2,263017,6761,6874,3,26,2.5705562758300795,0.0011406106829596565
Sutter,0-17,Q3,183028,3262,3348,0,41,1.782240968594969,0
Sutter,0-17,Q4,13537,0,0,0,3,0,0
Sutter,18-49,Q1,371526,907,939,2,12,0.24412827096892278,5.383203328972938e-4
Sutter,18-49,Q2,458196,11358,11896,65,382,2.4788518450619383,0.014186068843900862
Sutter,18-49,Q3,321086,5998,6375,60,1482,1.8680353550139215,0.018686582410942863
Sutter,18-49,Q4,32861,0,0,0,175,0,0
Sutter,50-64,Q1,161274,393,445,7,28,0.24368466088768181,0.004340439252452349
Sutter,50-64,Q2,191006,4813,5524,125,781,2.519816131430426,0.06544297037789389
Sutter,50-64,Q3,136392,2487,3082,111,2828,1.8234207284884743,0.08138307232095723
Sutter,50-64,Q4,12206,0,0,0,288,0,0
Sutter,65+,Q1,144298,358,423,15,44,0.24809768673162486,0.010395154471995453
Sutter,65+,Q2,180847,4601,5930,313,1905,2.5441395212527715,0.17307447732060804
Sutter,65+,Q3,124705,2118,3104,262,6774,1.6984082434545529,0.21009582614971334
Sutter,65+,Q4,9922,0,0,0,631,0,0
Tehama,0-17,Q1,130362,335,340,0,0,0.25697672634663477,0
Tehama,0-17,Q2,161049,4031,4106,3,9,2.502964936137449,0.0018627871020621054
Tehama,0-17,Q3,113221,2046,2100,3,72,1.8070852580351702,0.002649685129083827
Tehama,0-17,Q4,8284,0,0,0,6,0,0
Tehama,18-49,Q1,219951,560,582,2,14,0.2546021613904915,9.092934335374696e-4
Tehama,18-49,Q2,273369,6825,7125,35,249,2.4966254403388826,0.012803207386353243
Tehama,18-49,Q3,187216,3218,3426,29,767,1.7188701820357235,0.015490129048799248
Tehama,18-49,Q4,16268,0,0,0,74,0,0
Tehama,50-64,Q1,99474,191,210,3,16,0.1920099724551139,0.00301586344170336
Tehama,50-64,Q2,132659,3240,3730,102,506,2.4423521962324455,0.07688886543694737
Tehama,50-64,Q3,90798,1514,1857,61,2003,1.6674376087579021,0.06718209652194983
Tehama,50-64,Q4,6630,0,0,0,166,0,0
Tehama,65+,Q1,118484,311,375,13,49,0.2624826980858175,0.010971945579149928
Tehama,65+,Q2,146183,3665,4696,206,1377,2.5071314721958093,0.14091925873733607
Tehama,65+,Q3,102509,1609,2373,228,5175,1.5696182774195437,0.22241949487362087
Tehama,65+,Q4,7721,0,0,0,452,0,0
Trinity,0-17,Q1,20349,48,50,0,0,0.23588382721509657,0
Trinity,0-17,Q2,23841,609,618,1,10,2.5544230527242986,0.004194454930581771
Trinity,0-17,Q3,18394,346,358,1,26,1.8810481678808308,0.005436555398499511
Trinity,0-17,Q4,1338,0,0,0,2,0,0
Trinity,18-49,Q1,36428,98,101,0,0,0.2690238278247502,0
Trinity,18-49,Q2,44789,1174,1222,7,45,2.6211793074192324,0.015628837437763738
Trinity,18-49,Q3,29978,519,559,8,157,1.7312695977049837,0.02668623657348722
Trinity,18-49,Q4,3277,0,0,0,23,0,0
Trinity,50-64,Q1,22185,60,67,1,2,0.2704530087897228,0.004507550146495379
Trinity,50-64,Q2,27569,678,763,14,89,2.4592839783815155,0.050781675069824804
Trinity,50-64,Q3,19146,339,413,14,343,1.7706048260733311,0.07312232320066855
Trinity,50-64,Q4,1475,0,0,0,31,0,0
Trinity,65+,Q1,38567,80,87,2,2,0.2074312235849301,0.005185780589623253
Trinity,65+,Q2,48050,1214,1586,82,462,2.526534859521332,0.17065556711758584
Trinity,65+,Q3,33286,559,797,77,1879,1.6793847263113622,0.2313284864507601
Trinity,65+,Q4,2541,0,0,0,167,0,0
Tulare,0-17,Q1,1245483,3164,3201,1,5,0.2540379916867593,8.029013643702885e-5
Tulare,0-17,Q2,1510761,37358,37968,31,161,2.472793512673414,0.002051946006019483
Tulare,0-17,Q3,1106686,19664,20160,24,655,1.7768364287611842,0.00216863681297134
Tulare,0-17,Q4,80663,0,0,0,65,0,0
Tulare,18-49,Q1,1871651,4945,5133,22,100,0.2642052391177629,0.001175432813061837
Tulare,18-49,Q2,2312659,59128,61892,305,2002,2.556710695351109,0.013188282405663783
Tulare,18-49,Q3,1600579,26549,28479,266,6967,1.6587122535032635,0.016618986004439642
Tulare,18-49,Q4,121570,0,0,0,608,0,0
Tulare,50-64,Q1,657099,1728,1932,24,93,0.2629740724000493,0.0036524176722229074
Tulare,50-64,Q2,778538,18488,21343,447,2552,2.3747074645039805,0.05741530920777149
Tulare,50-64,Q3,603797,11490,13929,469,11368,1.902957450931356,0.07767511266203708
Tulare,50-64,Q4,42864,0,0,0,958,0,0
Tulare,65+,Q1,562104,1413,1715,50,234,0.25137696938644805,0.008895151075245862
Tulare,65+,Q2,690544,17457,22693,1104,6667,2.528006904701221,0.15987395444750804
Tulare,65+,Q3,490473,8326,12006,1060,25909,1.6975450228656825,0.21611791066990438
Tulare,65+,Q4,36058,0,0,0,2226,0,0
Tuolumne,0-17,Q1,74014,190,192,1,7,0.2567081903423677,0.0013510957386440403
Tuolumne,0-17,Q2,89633,2228,2270,4,44,2.485691653743599,0.004462642107259603
Tuolumne,0-17,Q3,65725,1180,1212,4,106,1.7953594522632181,0.006085964244960061
Tuolumne,0-17,Q4,4717,0,0,0,9,0,0
Tuolumne,18-49,Q1,159500,384,407,1,4,0.24075235109717869,6.269592476489028e-4
Tuolumne,18-49,Q2,197315,5042,5288,26,156,2.555304969211667,0.013176899880901097
Tuolumne,18-49,Q3,137047,2376,2545,30,656,1.7337117923048297,0.021890300407889262
Tuolumne,18-49,Q4,10096,0,0,0,57,0,0
Tuolumne,50-64,Q1,87020,255,277,4,16,0.29303608365892897,0.004596644449551828
Tuolumne,50-64,Q2,108470,2723,3126,60,362,2.510371531298977,0.05531483359454227
Tuolumne,50-64,Q3,73654,1235,1530,58,1368,1.676758899720314,0.0787465718087273
Tuolumne,50-64,Q4,8077,0,0,0,169,0,0
Tuolumne,65+,Q1,140324,375,434,9,40,0.26723867620649355,0.006413728228955845
Tuolumne,65+,Q2,173114,4427,5686,261,1490,2.557274397218018,0.1507677022077937
Tuolumne,65+,Q3,120774,1984,2891,242,5966,1.642737675327471,0.20037425273651613
Tuolumne,65+,Q4,8956,0,0,0,512,0,0
Ventura,0-17,Q1,1641727,4085,4149,2,7,0.24882334273603346,1.2182293402008981e-4
Ventura,0-17,Q2,2017150,50891,51835,41,246,2.52291599533996,0.002032570706194383
Ventura,0-17,Q3,1450101,24538,25210,41,996,1.6921579945121064,0.0028273892646098445
Ventura,0-17,Q4,86831,0,0,0,73,0,0
Ventura,18-49,Q1,3083623,7863,8118,18,75,0.2549922607270733,5.83728944815887e-4
Ventura,18-49,Q2,3793130,94507,98806,480,2825,2.491530741102994,0.01265445687334734
Ventura,18-49,Q3,2704170,45782,49032,459,11334,1.6930148622312946,0.01697378493216033
Ventura,18-49,Q4,198152,0,0,0,957,0,0
Ventura,50-64,Q1,1473271,3639,4065,70,278,0.24700140028548717,0.004751332239621903
Ventura,50-64,Q2,1861344,46522,53656,1097,6888,2.4993767944023246,0.05893590867674111
Ventura,50-64,Q3,1280188,22303,27476,1099,25907,1.742165994369577,0.08584676625620612
Ventura,50-64,Q4,121938,0,0,0,2903,0,0
Ventura,65+,Q1,1378170,3466,4239,154,657,0.25149292177307586,0.011174238301515779
Ventura,65+,Q2,1689060,41955,53863,2516,15224,2.483925970658236,0.14895859235314318
Ventura,65+,Q3,1222909,21778,31363,2670,62849,1.7808356958694391,0.21833186279600525
Ventura,65+,Q4,88658,0,0,0,5374,0,0
Yolo,0-17,Q1,459153,1215,1228,0,0,0.2646176764607876,0
Yolo,0-17,Q2,561400,13953,14203,17,78,2.485393658710367,0.003028143925899537
Yolo,0-17,Q3,402712,7042,7231,11,337,1.7486441923756928,0.002731480561791057
Yolo,0-17,Q4,30717,0,0,0,31,0,0
Yolo,18-49,Q1,990605,2546,2641,9,48,0.2570146526617572,9.085356928341772e-4
Yolo,18-49,Q2,1186982,28781,30111,131,791,2.4247208466514234,0.011036393138227876
Yolo,18-49,Q3,878764,16626,17659,142,3332,1.891975547473497,0.016159059770313757
Yolo,18-49,Q4,78655,0,0,0,354,0,0
Yolo,50-64,Q1,290511,701,796,16,60,0.24129895253536013,0.005507536719779974
Yolo,50-64,Q2,378863,9425,10878,246,1583,2.487706638019548,0.06493112285971446
Yolo,50-64,Q3,262040,4403,5348,181,5355,1.680277820180125,0.06907342390474737
Yolo,50-64,Q4,15319,0,0,0,376,0,0
Yolo,65+,Q1,292035,775,943,30,111,0.26537914975944665,0.010272741281010838
Yolo,65+,Q2,357222,9089,11666,520,3242,2.544356170672579,0.14556774218833107
Yolo,65+,Q3,246086,4232,6204,546,12312,1.7197239989272042,0.22187365392586333
Yolo,65+,Q4,24158,0,0,0,1436,0,0
Yuba,0-17,Q1,184959,462,466,1,4,0.2497850875058797,5.406603625668391e-4
Yuba,0-17,Q2,227453,5685,5797,2,24,2.4994174620690868,8.79302537227471e-4
Yuba,0-17,Q3,164549,2924,3014,6,103,1.7769782861032275,0.0036463302724416436
Yuba,0-17,Q4,9763,0,0,0,6,0,0
Yuba,18-49,Q1,297753,802,841,6,34,0.26935077060516605,0.0020150930469214415
Yuba,18-49,Q2,362359,9222,9649,58,404,2.544989913318008,0.016006225869924576
Yuba,18-49,Q3,257970,4483,4795,38,1219,1.7377989688723494,0.014730395007171377
Yuba,18-49,Q4,21820,0,0,0,118,0,0
Yuba,50-64,Q1,123574,303,347,4,21,0.24519720976904527,0.003236926861637561
Yuba,50-64,Q2,140168,3537,4087,74,416,2.523400490839564,0.052793790308772334
Yuba,50-64,Q3,109685,1949,2422,100,2157,1.7769065961617359,0.09117016912066372
Yuba,50-64,Q4,5137,0,0,0,125,0,0
Yuba,65+,Q1,95118,233,282,9,36,0.24495889316428016,0.009461931495615972
Yuba,65+,Q2,126875,3303,4275,195,1161,2.6033497536945815,0.1536945812807882
Yuba,65+,Q3,86430,1413,2067,173,4503,1.6348490107601528,0.2001619807937059
Yuba,65+,Q4,4084,0,0,0,256,0,0
