county,age_category,quarter,susceptible,new_infected,current_infected,new_severe,cumulative_severe
Alameda,0-17,Q1,3022960,7633,7762,4,19
Alameda,0-17,Q2,3631372,88749,90337,80,514
Alameda,0-17,Q3,2695771,49609,50853,56,1690
Alameda,0-17,Q4,210460,0,0,0,152
Alameda,18-49,Q1,6716996,17309,17931,56,277
Alameda,18-49,Q2,8203573,204636,213987,1046,6412
Alameda,18-49,Q3,5910824,103278,110456,996,24858
Alameda,18-49,Q4,429146,0,0,0,2099
Alameda,50-64,Q1,2787395,7014,7859,106,421
Alameda,50-64,Q2,3540161,88075,101616,2214,13548
Alameda,50-64,Q3,2496339,42980,53011,2124,52599
Alameda,50-64,Q4,171027,0,0,0,4204
Alameda,65+,Q1,2505633,6379,7757,280,1076
Alameda,65+,Q2,3104616,78866,101066,4772,29301
Alameda,65+,Q3,2168201,36265,52886,4636,112627
Alameda,65+,Q4,158669,0,0,0,9619
Alpine,0-17,Q1,1405,6,6,0,0
Alpine,0-17,Q2,1632,56,57,0,0
Alpine,0-17,Q3,1115,16,17,0,0
Alpine,0-17,Q4,64,0,0,0,0
Alpine,18-49,Q1,3318,7,7,0,0
Alpine,18-49,Q2,4050,107,109,0,0
Alpine,18-49,Q3,2752,55,59,0,0
Alpine,18-49,Q4,264,0,0,0,0
Alpine,50-64,Q1,2378,2,3,0,0
Alpine,50-64,Q2,2768,81,93,1,1
Alpine,50-64,Q3,2021,33,42,3,47
Alpine,50-64,Q4,210,0,0,0,7
Alpine,65+,Q1,3079,5,6,1,2
Alpine,65+,Q2,3839,77,98,5,34
Alpine,65+,Q3,3058,51,68,1,86
Alpine,65+,Q4,127,0,0,0,8
Amador,0-17,Q1,50295,139,139,0,0
Amador,0-17,Q2,62306,1565,1598,2,11
Amador,0-17,Q3,43989,711,725,0,26
Amador,0-17,Q4,3245,0,0,0,2
Amador,18-49,Q1,121140,323,338,0,0
Amador,18-49,Q2,139497,3467,3636,18,98
Amador,18-49,Q3,104215,1894,2003,26,502
Amador,18-49,Q4,7856,0,0,0,41
Amador,50-64,Q1,69672,171,187,2,11
Amador,50-64,Q2,84447,2024,2361,61,374
Amador,50-64,Q3,63451,1064,1324,48,1367
Amador,50-64,Q4,4666,0,0,0,113
Amador,65+,Q1,98936,228,282,11,34
Amador,65+,Q2,124702,2857,3663,181,1065
Amador,65+,Q3,96419,1877,2711,220,4990
Amador,65+,Q4,6583,0,0,0,410
Butte,0-17,Q1,380426,786,801,1,4
Butte,0-17,Q2,525005,12124,12357,8,57
Butte,0-17,Q3,373679,6881,7063,13,253
Butte,0-17,Q4,25712,0,0,0,20
Butte,18-49,Q1,927735,2405,2482,11,58
Butte,18-49,Q2,1152960,29840,31254,177,1153
Butte,18-49,Q3,754199,12287,13158,120,3457
Butte,18-49,Q4,79813,0,0,0,432
Butte,50-64,Q1,295084,719,811,8,30
Butte,50-64,Q2,371672,9483,10871,238,1458
Butte,50-64,Q3,247452,4221,5183,208,5176
Butte,50-64,Q4,26123,0,0,0,616
Butte,65+,Q1,405143,1041,1268,47,189
Butte,65+,Q2,502063,12912,16509,743,4562
Butte,65+,Q3,345741,5918,8598,725,17516
Butte,65+,Q4,26470,0,0,0,1566
Calaveras,0-17,Q1,62795,147,149,0,0
Calaveras,0-17,Q2,77906,2004,2044,2,10
Calaveras,0-17,Q3,53599,931,955,5,80
Calaveras,0-17,Q4,3934,0,0,0,7
Calaveras,18-49,Q1,119059,328,339,3,10
Calaveras,18-49,Q2,143755,3446,3615,21,151
Calaveras,18-49,Q3,107199,1974,2115,19,533
Calaveras,18-49,Q4,7780,0,0,0,44
Calaveras,50-64,Q1,76955,183,195,4,18
Calaveras,50-64,Q2,101760,2439,2781,55,341
Calaveras,50-64,Q3,72687,1291,1563,56,1396
Calaveras,50-64,Q4,5568,0,0,0,118
Calaveras,65+,Q1,130435,339,404,10,44
Calaveras,65+,Q2,163903,4078,5169,233,1390
Calaveras,65+,Q3,113766,1873,2755,236,5576
Calaveras,65+,Q4,8432,0,0,0,479
Colusa,0-17,Q1,52141,130,132,0,0
Colusa,0-17,Q2,63242,1602,1631,1,6
Colusa,0-17,Q3,45815,811,826,1,20
Colusa,0-17,Q4,3313,0,0,0,2
Colusa,18-49,Q1,83627,241,250,0,0
Colusa,18-49,Q2,102759,2648,2748,9,48
Colusa,18-49,Q3,71396,1210,1323,20,325
Colusa,18-49,Q4,6132,0,0,0,29
Colusa,50-64,Q1,33880,87,103,4,15
Colusa,50-64,Q2,40899,986,1141,26,187
Colusa,50-64,Q3,30911,526,674,29,674
Colusa,50-64,Q4,2215,0,0,0,61
Colusa,65+,Q1,34574,69,75,3,12
Colusa,65+,Q2,43515,1126,1424,58,355
Colusa,65+,Q3,29524,462,686,66,1424
Colusa,65+,Q4,2215,0,0,0,127
Contra Costa,0-17,Q1,2074133,4997,5059,1,6
Contra Costa,0-17,Q2,2688190,67564,68752,56,349
Contra Costa,0-17,Q3,1812082,30899,31687,44,1162
Contra Costa,0-17,Q4,156454,0,0,0,125
Contra Costa,18-49,Q1,4109083,10287,10642,29,126
Contra Costa,18-49,Q2,5196965,129286,135281,669,4054
Contra Costa,18-49,Q3,3577725,62391,66637,635,15328
Contra Costa,18-49,Q4,338832,0,0,0,1697
Contra Costa,50-64,Q1,2077958,4945,5544,86,322
Contra Costa,50-64,Q2,2628062,63058,72805,1540,9166
Contra Costa,50-64,Q3,1885257,35405,43141,1578,37134
Contra Costa,50-64,Q4,187674,0,0,0,4384
Contra Costa,65+,Q1,1988483,5072,6189,193,806
Contra Costa,65+,Q2,2446344,61664,78760,3619,21584
Contra Costa,65+,Q3,1734233,29292,42527,3546,85763
Contra Costa,65+,Q4,127071,0,0,0,7358
Del Norte,0-17,Q1,48104,125,128,0,0
Del Norte,0-17,Q2,60581,1554,1579,4,26
Del Norte,0-17,Q3,41431,681,696,0,52
Del Norte,0-17,Q4,3079,0,0,0,4
Del Norte,18-49,Q1,101049,267,279,0,0
Del Norte,18-49,Q2,124817,3266,3413,16,101
Del Norte,18-49,Q3,84117,1429,1526,14,342
Del Norte,18-49,Q4,8019,0,0,0,38
Del Norte,50-64,Q1,40118,90,100,2,13
Del Norte,50-64,Q2,53773,1331,1529,35,220
Del Norte,50-64,Q3,36233,581,697,22,690
Del Norte,50-64,Q4,2650,0,0,0,56
Del Norte,65+,Q1,47982,107,136,5,21
Del Norte,65+,Q2,59625,1506,1935,94,576
Del Norte,65+,Q3,41266,712,1044,67,1974
Del Norte,65+,Q4,3173,0,0,0,173
El Dorado,0-17,Q1,311059,732,748,1,1
El Dorado,0-17,Q2,380253,9359,9529,15,88
El Dorado,0-17,Q3,274035,4986,5095,2,232
El Dorado,0-17,Q4,22668,0,0,0,20
El Dorado,18-49,Q1,599862,1449,1501,7,35
El Dorado,18-49,Q2,766674,17867,18696,83,537
El Dorado,18-49,Q3,572569,11131,11849,101,2288
El Dorado,18-49,Q4,43646,0,0,0,211
El Dorado,50-64,Q1,343876,864,942,14,54
El Dorado,50-64,Q2,416911,10279,11912,277,1711
El Dorado,50-64,Q3,307571,5498,6750,282,6801
El Dorado,50-64,Q4,23356,0,0,0,608
El Dorado,65+,Q1,412606,1025,1241,43,195
El Dorado,65+,Q2,486838,11404,14708,718,4212
El Dorado,65+,Q3,382834,7508,10673,825,19078
El Dorado,65+,Q4,27267,0,0,1,1643
Fresno,0-17,Q1,2414369,5860,5938,6,16
Fresno,0-17,Q2,3164872,78970,80408,57,364
Fresno,0-17,Q3,2142206,36244,37216,55,1375
Fresno,0-17,Q4,165800,0,0,0,123
Fresno,18-49,Q1,4041257,10378,10792,34,137
Fresno,18-49,Q2,4981442,127433,133320,696,4295
Fresno,18-49,Q3,3447958,56272,60241,560,15134
Fresno,18-49,Q4,257981,0,0,0,1301
Fresno,50-64,Q1,1416284,3554,3977,59,223
Fresno,50-64,Q2,1737810,43832,50542,1064,6383
Fresno,50-64,Q3,1229918,21429,26436,1020,25114
Fresno,50-64,Q4,92287,0,0,0,2208
Fresno,65+,Q1,1270407,3241,3932,117,442
Fresno,65+,Q2,1520295,36896,47851,2296,13328
Fresno,65+,Q3,1145725,20827,29693,2398,57780
Fresno,65+,Q4,67142,0,0,1,3949
Glenn,0-17,Q1,63098,157,158,0,0
Glenn,0-17,Q2,80455,1983,2020,1,3
Glenn,0-17,Q3,57246,923,943,1,22
Glenn,0-17,Q4,4267,0,0,0,2
Glenn,18-49,Q1,107410,294,307,2,4
Glenn,18-49,Q2,129420,3216,3352,15,124
Glenn,18-49,Q3,93836,1730,1843,14,371
Glenn,18-49,Q4,8534,0,0,0,37
Glenn,50-64,Q1,40516,94,107,1,1
Glenn,50-64,Q2,55239,1417,1641,30,168
Glenn,50-64,Q3,35671,594,746,34,719
Glenn,50-64,Q4,3509,0,0,0,91
Glenn,65+,Q1,45479,105,123,5,21
Glenn,65+,Q2,57522,1446,1857,89,568
Glenn,65+,Q3,39663,713,1052,102,2319
Glenn,65+,Q4,2370,0,0,0,153
Humboldt,0-17,Q1,240256,609,618,3,21
Humboldt,0-17,Q2,306585,7643,7781,3,51
Humboldt,0-17,Q3,210525,3585,3672,12,207
Humboldt,0-17,Q4,15562,0,0,0,18
Humboldt,18-49,Q1,521059,1328,1382,5,24
Humboldt,18-49,Q2,596039,15178,15830,82,532
Humboldt,18-49,Q3,443623,8045,8592,78,1954
Humboldt,18-49,Q4,32446,0,0,0,168
Humboldt,50-64,Q1,202559,541,604,7,28
Humboldt,50-64,Q2,244022,6047,6979,159,945
Humboldt,50-64,Q3,181172,3322,4084,153,3766
Humboldt,50-64,Q4,13110,0,0,0,324
Humboldt,65+,Q1,246279,658,813,26,106
Humboldt,65+,Q2,306284,7895,10178,498,3016
Humboldt,65+,Q3,210151,3527,5269,500,11773
Humboldt,65+,Q4,15790,0,0,0,1044
Imperial,0-17,Q1,474211,1258,1277,0,0
Imperial,0-17,Q2,594107,14841,15099,10,55
Imperial,0-17,Q3,411537,6940,7142,8,226
Imperial,0-17,Q4,32130,0,0,0,19
Imperial,18-49,Q1,724875,1862,1942,7,16
Imperial,18-49,Q2,878606,21807,22838,114,605
Imperial,18-49,Q3,647158,11718,12492,116,2770
Imperial,18-49,Q4,48619,0,0,0,248
Imperial,50-64,Q1,265970,708,788,13,50
Imperial,50-64,Q2,314054,7484,8656,184,1140
Imperial,50-64,Q3,244322,4797,5835,220,5046
Imperial,50-64,Q4,16896,0,0,0,417
Imperial,65+,Q1,243872,596,719,21,86
Imperial,65+,Q2,315653,7707,9927,482,2910
Imperial,65+,Q3,221628,3906,5595,451,11169
Imperial,65+,Q4,16222,0,0,0,968
Inyo,0-17,Q1,32682,75,75,0,0
Inyo,0-17,Q2,40153,993,1017,0,0
Inyo,0-17,Q3,28809,505,522,2,22
Inyo,0-17,Q4,2088,0,0,0,2
Inyo,18-49,Q1,50370,124,129,0,0
Inyo,18-49,Q2,61525,1575,1646,7,31
Inyo,18-49,Q3,43133,776,833,13,210
Inyo,18-49,Q4,4084,0,0,0,25
Inyo,50-64,Q1,35073,80,88,3,13
Inyo,50-64,Q2,43160,1117,1286,29,195
Inyo,50-64,Q3,30159,512,653,34,749
Inyo,50-64,Q4,2219,0,0,0,66
Inyo,65+,Q1,43713,110,131,4,16
Inyo,65+,Q2,54684,1378,1749,92,565
Inyo,65+,Q3,36721,648,937,77,1980
Inyo,65+,Q4,3744,0,0,0,253
Kern,0-17,Q1,2205184,5276,5358,5,26
Kern,0-17,Q2,2786093,68940,70224,69,420
Kern,0-17,Q3,1979434,34743,35676,58,1560
Kern,0-17,Q4,147520,0,0,0,138
Kern,18-49,Q1,3756116,9726,10099,40,182
Kern,18-49,Q2,4581039,113143,118236,562,3544
Kern,18-49,Q3,3317991,58701,62659,556,13721
Kern,18-49,Q4,239885,0,0,0,1158
Kern,50-64,Q1,1265489,3160,3510,37,141
Kern,50-64,Q2,1571250,39918,45964,935,5645
Kern,50-64,Q3,1091907,18304,22805,960,22323
Kern,50-64,Q4,80735,0,0,0,1932
Kern,65+,Q1,1032504,2567,3116,99,412
Kern,65+,Q2,1279274,32708,42076,1981,11837
Kern,65+,Q3,880726,14701,21648,1909,45648
Kern,65+,Q4,75276,0,1,0,4618
Kings,0-17,Q1,422426,1074,1087,1,2
Kings,0-17,Q2,519640,12952,13193,10,69
Kings,0-17,Q3,370108,6357,6521,13,294
Kings,0-17,Q4,27152,0,0,0,24
Kings,18-49,Q1,641561,1678,1746,9,43
Kings,18-49,Q2,798763,20419,21335,108,670
Kings,18-49,Q3,552863,8920,9554,97,2510
Kings,18-49,Q4,41100,0,0,0,214
Kings,50-64,Q1,167100,402,441,4,17
Kings,50-64,Q2,218115,5418,6246,148,879
Kings,50-64,Q3,147222,2446,3057,111,3089
Kings,50-64,Q4,11437,0,0,0,282
Kings,65+,Q1,157864,382,471,18,69
Kings,65+,Q2,197054,4941,6338,294,1774
Kings,65+,Q3,137205,2289,3373,296,6994
Kings,65+,Q4,10160,0,0,0,608
LA,0-17,Q1,19328829,49975,50695,28,119
LA,0-17,Q2,23628001,604255,614987,492,3121
LA,0-17,Q3,16505532,274628,282074,437,11207
LA,0-17,Q4,1269348,0,0,0,991
LA,18-49,Q1,39346829,100738,104326,306,1295
LA,18-49,Q2,47368202,1158787,1212993,6043,36256
LA,18-49,Q3,35321974,644179,686846,6076,148891
LA,18-49,Q4,2507991,0,0,0,12406
LA,50-64,Q1,17174026,42127,47135,685,2744
LA,50-64,Q2,22006625,542767,626408,13436,81873
LA,50-64,Q3,15437879,266748,328672,12789,317132
LA,50-64,Q4,1125675,0,1,1,26948
LA,65+,Q1,14911590,37162,45313,1476,5834
LA,65+,Q2,18192976,441441,568792,27242,159692
LA,65+,Q3,13569204,249463,356736,29141,687377
LA,65+,Q4,910196,0,1,2,55012
Lake,0-17,Q1,121305,316,318,1,2
Lake,0-17,Q2,146799,3594,3654,2,21
Lake,0-17,Q3,105410,1970,2018,3,77
Lake,0-17,Q4,11107,0,0,0,7
Lake,18-49,Q1,200753,481,497,3,15
Lake,18-49,Q2,253237,6360,6651,32,215
Lake,18-49,Q3,179879,3069,3298,34,801
Lake,18-49,Q4,10525,0,0,0,69
Lake,50-64,Q1,106960,253,283,5,21
Lake,50-64,Q2,129416,3314,3833,84,516
Lake,50-64,Q3,94326,1699,2079,69,1897
Lake,50-64,Q4,6335,0,0,0,149
Lake,65+,Q1,140799,348,436,11,50
Lake,65+,Q2,174128,4478,5745,274,1729
Lake,65+,Q3,122125,1910,2824,271,6430
Lake,65+,Q4,8857,0,0,0,537
Lassen,0-17,Q1,46961,101,101,0,0
Lassen,0-17,Q2,58066,1474,1502,0,0
Lassen,0-17,Q3,39889,710,727,0,0
Lassen,0-17,Q4,4115,0,0,0,0
Lassen,18-49,Q1,120807,293,309,1,7
Lassen,18-49,Q2,148545,3556,3733,28,183
Lassen,18-49,Q3,110435,1881,2018,19,593
Lassen,18-49,Q4,5091,0,0,0,31
Lassen,50-64,Q1,48000,104,114,0,0
Lassen,50-64,Q2,60266,1456,1679,35,205
Lassen,50-64,Q3,42856,705,884,43,883
Lassen,50-64,Q4,2954,0,0,0,77
Lassen,65+,Q1,50511,119,139,5,14
Lassen,65+,Q2,62590,1645,2130,109,626
Lassen,65+,Q3,41902,678,989,89,2306
Lassen,65+,Q4,4676,0,0,0,293
Madera,0-17,Q1,347682,824,833,0,0
Madera,0-17,Q2,460932,11640,11821,6,33
Madera,0-17,Q3,309928,5102,5236,7,154
Madera,0-17,Q4,23218,0,0,0,14
Madera,18-49,Q1,615276,1539,1591,4,15
Madera,18-49,Q2,770491,17506,18321,100,597
Madera,18-49,Q3,582779,11851,12570,102,2434
Madera,18-49,Q4,54202,0,0,0,280
Madera,50-64,Q1,224395,530,605,13,58
Madera,50-64,Q2,271952,6566,7588,162,1041
Madera,50-64,Q3,201960,3725,4544,161,3994
Madera,50-64,Q4,14579,0,0,0,337
Madera,65+,Q1,228409,548,678,23,97
Madera,65+,Q2,273415,6480,8284,354,2159
Madera,65+,Q3,208067,4032,5732,447,9698
Madera,65+,Q4,14583,0,0,0,824
Marin,0-17,Q1,407222,1108,1119,0,0
Marin,0-17,Q2,496906,12278,12517,9,52
Marin,0-17,Q3,348975,6302,6445,5,162
Marin,0-17,Q4,36919,0,0,0,20
Marin,18-49,Q1,768437,1915,1970,3,14
Marin,18-49,Q2,982009,24845,25923,132,758
Marin,18-49,Q3,653960,11118,11886,116,2867
Marin,18-49,Q4,66236,0,0,0,331
Marin,50-64,Q1,512640,1333,1498,28,116
Marin,50-64,Q2,623246,15326,17664,378,2339
Marin,50-64,Q3,441381,8167,10008,341,8660
Marin,50-64,Q4,47120,0,0,0,1048
Marin,65+,Q1,603493,1536,1882,73,307
Marin,65+,Q2,745276,18705,23928,1098,6996
Marin,65+,Q3,503727,8669,12626,1108,25402
Marin,65+,Q4,54629,0,0,0,3218
Mariposa,0-17,Q1,23945,70,71,0,0
Mariposa,0-17,Q2,30329,772,784,0,0
Mariposa,0-17,Q3,20800,337,345,0,0
Mariposa,0-17,Q4,1559,0,0,0,0
Mariposa,18-49,Q1,48614,119,122,0,0
Mariposa,18-49,Q2,58865,1449,1520,9,52
Mariposa,18-49,Q3,42433,775,832,12,246
Mariposa,18-49,Q4,4385,0,0,0,32
Mariposa,50-64,Q1,33186,90,98,3,14
Mariposa,50-64,Q2,40078,971,1108,28,199
Mariposa,50-64,Q3,29560,565,684,27,704
Mariposa,50-64,Q4,2100,0,0,0,58
Mariposa,65+,Q1,50727,117,139,2,2
Mariposa,65+,Q2,63102,1573,2014,99,598
Mariposa,65+,Q3,43916,723,1031,98,2273
Mariposa,65+,Q4,3306,0,0,0,199
Mendocino,0-17,Q1,163735,421,424,0,0
Mendocino,0-17,Q2,200046,4949,5038,4,16
Mendocino,0-17,Q3,143528,2601,2673,4,98
Mendocino,0-17,Q4,10671,0,0,0,8
Mendocino,18-49,Q1,294621,753,779,4,24
Mendocino,18-49,Q2,362738,8942,9336,41,282
Mendocino,18-49,Q3,255759,4441,4735,48,1088
Mendocino,18-49,Q4,22170,0,0,0,106
Mendocino,50-64,Q1,139194,343,372,7,31
Mendocino,50-64,Q2,176930,4556,5264,126,730
Mendocino,50-64,Q3,120264,1998,2478,104,2759
Mendocino,50-64,Q4,9017,0,0,0,237
Mendocino,65+,Q1,199394,532,668,20,81
Mendocino,65+,Q2,224786,6025,7718,383,2460
Mendocino,65+,Q3,161997,2758,4063,366,8922
Mendocino,65+,Q4,11981,0,0,0,771
Merced,0-17,Q1,680511,1634,1656,0,0
Merced,0-17,Q2,886936,21812,22204,20,130
Merced,0-17,Q3,627170,11164,11461,13,402
Merced,0-17,Q4,41772,0,0,0,29
Merced,18-49,Q1,1158154,2944,3040,12,56
Merced,18-49,Q2,1368589,32804,34330,172,1017
Merced,18-49,Q3,1059300,20326,21670,160,4228
Merced,18-49,Q4,75167,0,0,0,351
Merced,50-64,Q1,389729,929,1042,17,80
Merced,50-64,Q2,487698,12208,14153,334,1994
Merced,50-64,Q3,339126,5650,7046,313,7735
Merced,50-64,Q4,25131,0,0,0,666
Merced,65+,Q1,306507,735,881,23,87
Merced,65+,Q2,405103,9782,12479,594,3458
Merced,65+,Q3,277193,5010,7388,649,14315
Merced,65+,Q4,26601,0,0,1,1650
Modoc,0-17,Q1,14636,27,29,0,0
Modoc,0-17,Q2,19539,500,504,0,0
Modoc,0-17,Q3,13203,218,224,0,0
Modoc,0-17,Q4,903,0,0,0,0
Modoc,18-49,Q1,27523,49,50,0,0
Modoc,18-49,Q2,36346,969,1019,3,16
Modoc,18-49,Q3,23368,397,422,2,58
Modoc,18-49,Q4,2420,0,0,0,7
Modoc,50-64,Q1,15793,38,49,1,4
Modoc,50-64,Q2,19538,515,576,11,76
Modoc,50-64,Q3,13309,187,245,12,277
Modoc,50-64,Q4,1527,0,0,0,33
Modoc,65+,Q1,24137,69,82,5,19
Modoc,65+,Q2,29790,767,1017,51,323
Modoc,65+,Q3,20455,362,521,50,1212
Modoc,65+,Q4,1541,0,0,0,106
Mono,0-17,Q1,24353,63,63,0,0
Mono,0-17,Q2,29047,747,764,0,0
Mono,0-17,Q3,20136,366,375,1,13
Mono,0-17,Q4,1469,0,0,0,1
Mono,18-49,Q1,48700,104,111,1,4
Mono,18-49,Q2,59897,1486,1556,9,64
Mono,18-49,Q3,42672,755,804,8,213
Mono,18-49,Q4,3125,0,0,0,18
Mono,50-64,Q1,27493,63,72,1,4
Mono,50-64,Q2,34599,865,1007,25,160
Mono,50-64,Q3,24091,359,445,12,451
Mono,50-64,Q4,1811,0,0,0,38
Mono,65+,Q1,25158,77,98,1,3
Mono,65+,Q2,28849,742,972,58,337
Mono,65+,Q3,21189,307,453,46,1254
Mono,65+,Q4,1596,0,0,0,105
Monterey,0-17,Q1,960320,2231,2265,4,19
Monterey,0-17,Q2,1284324,31853,32395,34,247
Monterey,0-17,Q3,860939,14256,14625,27,783
Monterey,0-17,Q4,62933,0,0,0,65
Monterey,18-49,Q1,1621322,3648,3785,16,73
Monterey,18-49,Q2,2202876,53931,56382,271,1699
Monterey,18-49,Q3,1450777,25013,26729,226,5903
Monterey,18-49,Q4,146146,0,0,0,684
Monterey,50-64,Q1,651176,1626,1803,26,112
Monterey,50-64,Q2,793920,19631,22594,457,2762
Monterey,50-64,Q3,579175,10618,13032,500,11651
Monterey,50-64,Q4,42336,0,0,0,997
Monterey,65+,Q1,629405,1706,2097,62,247
Monterey,65+,Q2,761511,18994,24588,1236,7314
Monterey,65+,Q3,540496,10071,14360,1178,28469
Monterey,65+,Q4,56629,0,1,1,3495
Napa,0-17,Q1,240915,657,667,1,1
Napa,0-17,Q2,279002,6949,7090,11,71
Napa,0-17,Q3,210682,3766,3861,8,247
Napa,0-17,Q4,15545,0,0,0,20
Napa,18-49,Q1,504300,1317,1363,6,20
Napa,18-49,Q2,624884,15888,16626,74,475
Napa,18-49,Q3,435269,7166,7671,69,1762
Napa,18-49,Q4,32726,0,0,0,151
Napa,50-64,Q1,233103,593,657,11,49
Napa,50-64,Q2,307779,7858,9060,179,1159
Napa,50-64,Q3,205204,3393,4285,165,4092
Napa,50-64,Q4,15991,0,0,0,370
Napa,65+,Q1,263788,698,847,31,125
Napa,65+,Q2,317236,7818,10085,454,2969
Napa,65+,Q3,235536,4330,6175,490,11483
Napa,65+,Q4,16846,0,0,0,981
Nevada,0-17,Q1,134550,343,347,1,5
Nevada,0-17,Q2,163743,3967,4051,4,41
Nevada,0-17,Q3,117737,2126,2192,3,97
Nevada,0-17,Q4,12093,0,0,0,12
Nevada,18-49,Q1,290069,693,713,0,0
Nevada,18-49,Q2,388053,9581,10046,47,249
Nevada,18-49,Q3,261538,4292,4590,42,1039
Nevada,18-49,Q4,19409,0,0,0,89
Nevada,50-64,Q1,160027,360,409,6,21
Nevada,50-64,Q2,217106,5474,6336,119,699
Nevada,50-64,Q3,144437,2354,2949,119,2836
Nevada,50-64,Q4,10600,0,0,0,241
Nevada,65+,Q1,255924,595,728,37,136
Nevada,65+,Q2,350707,8713,11242,588,3754
Nevada,65+,Q3,232439,3816,5508,466,12826
Nevada,65+,Q4,17338,0,1,0,1103
Orange,0-17,Q1,6210710,16011,16226,4,22
Orange,0-17,Q2,7622715,189687,193036,133,774
Orange,0-17,Q3,5355515,95538,97959,144,3243
Orange,0-17,Q4,524346,0,0,0,368
Orange,18-49,Q1,11764129,29907,30987,87,356
Orange,18-49,Q2,14651835,373480,390564,1986,12278
Orange,18-49,Q3,9954064,167119,178700,1709,43681
Orange,18-49,Q4,920857,0,0,0,4584
Orange,50-64,Q1,5683200,14028,15660,236,995
Orange,50-64,Q2,7079622,172932,199396,4238,25348
Orange,50-64,Q3,5116218,93459,114839,4377,104333
Orange,50-64,Q4,401410,0,0,0,9583
Orange,65+,Q1,4953543,12703,15324,489,1990
Orange,65+,Q2,5850733,139019,179181,8643,50046
Orange,65+,Q3,4564837,87844,124706,9842,227392
Orange,65+,Q4,316384,0,3,1,18975
Placer,0-17,Q1,620072,1493,1511,1,5
Placer,0-17,Q2,821539,20506,20872,13,84
Placer,0-17,Q3,569658,9160,9390,14,331
Placer,0-17,Q4,27060,0,0,0,20
Placer,18-49,Q1,1438065,3680,3813,14,52
Placer,18-49,Q2,1810682,46855,49010,231,1473
Placer,18-49,Q3,1210161,19261,20571,218,5365
Placer,18-49,Q4,89949,0,0,0,459
Placer,50-64,Q1,682939,1697,1914,36,149
Placer,50-64,Q2,833638,20518,23633,520,3218
Placer,50-64,Q3,610752,11123,13607,498,12529
Placer,50-64,Q4,42158,0,0,0,1009
Placer,65+,Q1,810361,2083,2507,85,347
Placer,65+,Q2,1004717,25646,33039,1524,9131
Placer,65+,Q3,695425,11731,17149,1484,35854
Placer,65+,Q4,51778,0,0,0,3105
Plumas,0-17,Q1,27608,79,80,0,0
Plumas,0-17,Q2,34188,818,836,0,0
Plumas,0-17,Q3,23840,412,417,1,12
Plumas,0-17,Q4,2534,0,0,0,1
Plumas,18-49,Q1,54219,133,137,0,0
Plumas,18-49,Q2,64219,1470,1532,9,51
Plumas,18-49,Q3,50256,1010,1076,10,233
Plumas,18-49,Q4,3614,0,0,0,21
Plumas,50-64,Q1,31664,80,87,0,0
Plumas,50-64,Q2,39413,990,1137,22,116
Plumas,50-64,Q3,27105,466,579,23,515
Plumas,50-64,Q4,2013,0,0,0,45
Plumas,65+,Q1,56493,151,184,5,9
Plumas,65+,Q2,69839,1787,2332,129,732
Plumas,65+,Q3,49255,738,1056,84,2556
Plumas,65+,Q4,3651,0,0,0,217
Riverside,0-17,Q1,5132285,12730,12936,6,28
Riverside,0-17,Q2,6531827,161590,164406,126,722
Riverside,0-17,Q3,4494731,79698,81731,109,2770
Riverside,0-17,Q4,428111,0,0,0,299
Riverside,18-49,Q1,9264565,23429,24303,83,343
Riverside,18-49,Q2,11572575,294243,307785,1553,9522
Riverside,18-49,Q3,8093519,132417,141834,1370,35731
Riverside,18-49,Q4,502997,0,0,0,2566
Riverside,50-64,Q1,4032923,10310,11504,164,707
Riverside,50-64,Q2,4949070,123952,142973,3002,18145
Riverside,50-64,Q3,3527922,61052,75267,2951,71985
Riverside,50-64,Q4,257256,0,0,0,6117
Riverside,65+,Q1,3628759,8437,10331,387,1548
Riverside,65+,Q2,4876954,119236,153224,7244,44582
Riverside,65+,Q3,3324041,56656,82468,7113,171711
Riverside,65+,Q4,244081,0,0,0,14792
Sacramento,0-17,Q1,3203585,8175,8285,2,11
Sacramento,0-17,Q2,3919217,97265,99019,87,517
Sacramento,0-17,Q3,2782057,49282,50546,79,1988
Sacramento,0-17,Q4,243769,0,0,0,194
Sacramento,18-49,Q1,5880529,14349,14902,63,238
Sacramento,18-49,Q2,7665933,189373,198213,993,6132
Sacramento,18-49,Q3,5291371,91659,98025,926,23294
Sacramento,18-49,Q4,419112,0,0,0,2119
Sacramento,50-64,Q1,2528184,6464,7187,104,427
Sacramento,50-64,Q2,3090296,77137,88936,1821,11127
Sacramento,50-64,Q3,2212573,38575,47547,1776,43276
Sacramento,50-64,Q4,176670,0,0,0,4061
Sacramento,65+,Q1,2128017,5236,6431,222,855
Sacramento,65+,Q2,2789809,67548,86634,4076,24736
Sacramento,65+,Q3,1961260,34200,49185,4085,98844
Sacramento,65+,Q4,140805,0,2,0,8367
San Benito,0-17,Q1,119869,297,300,0,0
San Benito,0-17,Q2,145047,3666,3744,2,9
San Benito,0-17,Q3,105765,1877,1929,1,40
San Benito,0-17,Q4,7607,0,0,0,3
San Benito,18-49,Q1,242061,606,627,4,14
San Benito,18-49,Q2,300049,7630,7972,32,214
San Benito,18-49,Q3,208157,3403,3626,32,796
San Benito,18-49,Q4,15470,0,0,0,68
San Benito,50-64,Q1,104786,231,266,5,12
San Benito,50-64,Q2,129594,3249,3734,86,557
San Benito,50-64,Q3,90179,1660,2060,83,1965
San Benito,50-64,Q4,8345,0,0,0,218
San Benito,65+,Q1,85277,185,236,8,24
San Benito,65+,Q2,111071,2778,3552,164,1025
San Benito,65+,Q3,72538,1350,1925,161,3682
San Benito,65+,Q4,9298,0,0,0,553
San Bernardino,0-17,Q1,4928046,11871,12049,6,22
San Bernardino,0-17,Q2,6361342,154569,157402,121,747
San Bernardino,0-17,Q3,4502690,79385,81416,129,3001
San Bernardino,0-17,Q4,330708,0,0,0,259
San Bernardino,18-49,Q1,8748081,22572,23433,94,372
San Bernardino,18-49,Q2,10242248,251695,263319,1257,7788
San Bernardino,18-49,Q3,7911048,143571,153093,1414,33619
San Bernardino,18-49,Q4,420610,0,0,0,2092
San Bernardino,50-64,Q1,3397507,8681,9738,134,521
San Bernardino,50-64,Q2,4150547,104169,119922,2634,15734
San Bernardino,50-64,Q3,2973600,52366,64434,2605,63170
San Bernardino,50-64,Q4,227602,0,0,0,5654
San Bernardino,65+,Q1,2532086,5920,7235,253,967
San Bernardino,65+,Q2,3394980,81618,104819,4928,29509
San Bernardino,65+,Q3,2375261,41805,60497,5120,120854
San Bernardino,65+,Q4,171029,0,0,0,10301
San Diego,0-17,Q1,7053036,18026,18320,7,32
San Diego,0-17,Q2,8659500,216523,220481,193,1093
San Diego,0-17,Q3,6097227,108065,110936,186,4514
San Diego,0-17,Q4,565553,0,0,0,486
San Diego,18-49,Q1,12789905,32802,34096,115,518
San Diego,18-49,Q2,15252344,393821,411905,2016,12396
San Diego,18-49,Q3,10783850,179727,192185,1836,46484
San Diego,18-49,Q4,820847,0,0,0,4065
San Diego,50-64,Q1,5329950,13285,14933,255,1004
San Diego,50-64,Q2,6396169,154979,178829,3904,23460
San Diego,50-64,Q3,4694254,89974,110044,4094,95462
San Diego,50-64,Q4,501354,0,1,1,12096
San Diego,65+,Q1,5021204,12782,15661,504,1995
San Diego,65+,Q2,6217581,157274,202170,9782,59010
San Diego,65+,Q3,4357403,73702,107572,9191,226158
San Diego,65+,Q4,327389,0,1,0,19871
San Francisco,0-17,Q1,1218225,3149,3194,1,5
San Francisco,0-17,Q2,1499982,37444,38081,35,199
San Francisco,0-17,Q3,1060938,18941,19430,28,747
San Francisco,0-17,Q4,88517,0,0,0,68
San Francisco,18-49,Q1,3765980,9388,9731,33,133
San Francisco,18-49,Q2,4763050,118325,123818,632,3843
San Francisco,18-49,Q3,3293742,58366,62332,569,14218
San Francisco,18-49,Q4,314663,0,0,0,1593
San Francisco,50-64,Q1,1450812,3519,3946,54,217
San Francisco,50-64,Q2,1870524,46733,53809,1142,6977
San Francisco,50-64,Q3,1290392,22177,27322,1078,26644
San Francisco,50-64,Q4,94963,0,0,0,2287
San Francisco,65+,Q1,1471927,3795,4671,152,609
San Francisco,65+,Q2,1802078,45762,58751,2789,17026
San Francisco,65+,Q3,1244546,21375,31096,2677,63958
San Francisco,65+,Q4,118434,0,0,1,7109
San Joaquin,0-17,Q1,1743551,4379,4440,3,11
San Joaquin,0-17,Q2,2147046,52391,53362,41,267
San Joaquin,0-17,Q3,1549514,28155,28854,42,987
San Joaquin,0-17,Q4,137657,0,0,0,111
San Joaquin,18-49,Q1,2926149,7463,7742,36,150
San Joaquin,18-49,Q2,3602843,86716,90810,455,2843
San Joaquin,18-49,Q3,2678518,49134,52400,454,11433
San Joaquin,18-49,Q4,189698,0,0,0,945
San Joaquin,50-64,Q1,1254512,3169,3559,55,248
San Joaquin,50-64,Q2,1575387,39516,45538,1006,6168
San Joaquin,50-64,Q3,1089595,18608,23067,938,23163
San Joaquin,50-64,Q4,89423,0,0,0,2236
San Joaquin,65+,Q1,1005121,2573,3164,98,382
San Joaquin,65+,Q2,1245105,31394,40395,1878,11327
San Joaquin,65+,Q3,864549,14552,21239,1809,43716
San Joaquin,65+,Q4,70792,0,1,0,4166
San Luis Obispo,0-17,Q1,414531,894,910,0,0
San Luis Obispo,0-17,Q2,559001,13566,13810,14,82
San Luis Obispo,0-17,Q3,372892,6661,6831,8,268
San Luis Obispo,0-17,Q4,36785,0,0,0,28
San Luis Obispo,18-49,Q1,1000847,2493,2586,7,37
San Luis Obispo,18-49,Q2,1227050,31115,32576,163,974
San Luis Obispo,18-49,Q3,870404,14623,15581,156,3770
San Luis Obispo,18-49,Q4,62468,0,0,0,321
San Luis Obispo,50-64,Q1,443859,1161,1324,19,80
San Luis Obispo,50-64,Q2,537015,13195,15202,334,2048
San Luis Obispo,50-64,Q3,394733,7215,8871,351,8256
San Luis Obispo,50-64,Q4,31700,0,0,0,775
San Luis Obispo,65+,Q1,614907,1509,1856,62,258
San Luis Obispo,65+,Q2,759238,19380,24888,1195,7184
San Luis Obispo,65+,Q3,532546,8927,12983,1118,27693
San Luis Obispo,65+,Q4,39199,0,0,0,2376
San Mateo,0-17,Q1,1387214,3580,3626,3,18
San Mateo,0-17,Q2,1699551,42636,43390,40,303
San Mateo,0-17,Q3,1212368,21070,21609,36,946
San Mateo,0-17,Q4,88968,0,0,0,83
San Mateo,18-49,Q1,2696210,6463,6728,27,122
San Mateo,18-49,Q2,3398485,83125,87009,454,2798
San Mateo,18-49,Q3,2441100,42957,45881,426,10901
San Mateo,18-49,Q4,167718,0,0,0,853
San Mateo,50-64,Q1,1438987,3615,4058,49,182
San Mateo,50-64,Q2,1816140,45791,52852,1162,6843
San Mateo,50-64,Q3,1252412,21347,26299,1014,26007
San Mateo,50-64,Q4,104113,0,0,0,2485
San Mateo,65+,Q1,1320481,3172,3920,149,543
San Mateo,65+,Q2,1710107,43052,55240,2569,16103
San Mateo,65+,Q3,1159293,19016,27828,2465,59646
San Mateo,65+,Q4,93436,0,0,0,5601
Santa Barbara,0-17,Q1,907865,2315,2356,3,19
Santa Barbara,0-17,Q2,1113927,27989,28514,25,148
Santa Barbara,0-17,Q3,765397,13805,14180,30,654
Santa Barbara,0-17,Q4,84772,0,0,0,82
Santa Barbara,18-49,Q1,1843125,4856,5023,13,60
Santa Barbara,18-49,Q2,2203555,57232,59922,299,1701
Santa Barbara,18-49,Q3,1551424,25804,27609,261,6755
Santa Barbara,18-49,Q4,115060,0,0,0,574
Santa Barbara,50-64,Q1,656471,1562,1759,34,144
Santa Barbara,50-64,Q2,840750,20980,24181,522,3247
Santa Barbara,50-64,Q3,579013,9999,12365,505,12306
Santa Barbara,50-64,Q4,51837,0,0,0,1311
Santa Barbara,65+,Q1,652750,1604,1965,66,266
Santa Barbara,65+,Q2,866207,21468,27447,1294,7788
Santa Barbara,65+,Q3,565285,9650,14073,1295,29468
Santa Barbara,65+,Q4,60127,0,0,0,3713
Santa Clara,0-17,Q1,3750532,9442,9575,4,13
Santa Clara,0-17,Q2,4611717,115749,117809,94,510
Santa Clara,0-17,Q3,3233696,56316,57775,93,2238
Santa Clara,0-17,Q4,280199,0,0,0,210
Santa Clara,18-49,Q1,7709366,20105,20862,66,278
Santa Clara,18-49,Q2,9071967,228111,238663,1185,7239
Santa Clara,18-49,Q3,6687366,117326,125177,1088,27858
Santa Clara,18-49,Q4,483308,0,0,0,2339
Santa Clara,50-64,Q1,3595040,9329,10533,160,645
Santa Clara,50-64,Q2,4055366,100007,115514,2587,15488
Santa Clara,50-64,Q3,3187082,58550,71836,2700,66031
Santa Clara,50-64,Q4,197740,0,1,0,4828
Santa Clara,65+,Q1,2849500,6672,8144,310,1148
Santa Clara,65+,Q2,3780141,95109,122394,5787,35676
Santa Clara,65+,Q3,2512761,41431,60990,5425,132254
Santa Clara,65+,Q4,210304,0,1,0,12765
Santa Cruz,0-17,Q1,511110,1329,1341,0,0
Santa Cruz,0-17,Q2,638515,16165,16450,14,68
Santa Cruz,0-17,Q3,432401,7315,7517,12,281
Santa Cruz,0-17,Q4,41060,0,0,0,37
Santa Cruz,18-49,Q1,1008528,2548,2653,6,30
Santa Cruz,18-49,Q2,1230325,31197,32592,168,979
Santa Cruz,18-49,Q3,895524,15297,16369,153,3963
Santa Cruz,18-49,Q4,50509,0,0,0,266
Santa Cruz,50-64,Q1,456150,1154,1282,23,98
Santa Cruz,50-64,Q2,552495,13511,15632,353,2071
Santa Cruz,50-64,Q3,398635,7480,9239,390,8783
Santa Cruz,50-64,Q4,39309,0,0,0,1063
Santa Cruz,65+,Q1,487484,1238,1486,32,134
Santa Cruz,65+,Q2,575935,13768,17695,852,4712
Santa Cruz,65+,Q3,432435,8655,12196,904,20637
Santa Cruz,65+,Q4,46067,0,0,0,2665
Shasta,0-17,Q1,337622,881,896,1,7
Shasta,0-17,Q2,417748,10697,10890,8,45
Shasta,0-17,Q3,290399,4695,4829,15,271
Shasta,0-17,Q4,22191,0,0,0,24
Shasta,18-49,Q1,584067,1363,1406,5,10
Shasta,18-49,Q2,759802,18397,19305,113,654
Shasta,18-49,Q3,528396,9775,10410,93,2494
Shasta,18-49,Q4,53896,0,0,0,295
Shasta,50-64,Q1,285431,693,782,16,54
Shasta,50-64,Q2,354877,9009,10319,215,1394
Shasta,50-64,Q3,245775,4099,5122,210,5157
Shasta,50-64,Q4,18460,0,0,0,448
Shasta,65+,Q1,327355,765,965,29,107
Shasta,65+,Q2,448602,10955,14139,682,4103
Shasta,65+,Q3,298440,4937,7035,583,14942
Shasta,65+,Q4,21805,0,1,0,1272
Sierra,0-17,Q1,3861,10,11,0,0
Sierra,0-17,Q2,4866,114,118,0,0
Sierra,0-17,Q3,3511,48,51,0,0
Sierra,0-17,Q4,292,0,0,0,0
Sierra,18-49,Q1,7948,20,20,0,0
Sierra,18-49,Q2,9631,230,243,0,0
Sierra,18-49,Q3,7206,135,146,2,25
Sierra,18-49,Q4,509,0,0,0,2
Sierra,50-64,Q1,5699,9,11,1,3
Sierra,50-64,Q2,7395,169,187,4,32
Sierra,50-64,Q3,5652,97,119,2,93
Sierra,50-64,Q4,412,0,0,0,7
Sierra,65+,Q1,9685,22,25,0,0
Sierra,65+,Q2,12007,305,393,18,104
Sierra,65+,Q3,8277,137,199,21,419
Sierra,65+,Q4,619,0,0,0,39
Siskiyou,0-17,Q1,76859,195,196,0,0
Siskiyou,0-17,Q2,88027,2322,2365,1,2
Siskiyou,0-17,Q3,64947,1076,1106,3,47
Siskiyou,0-17,Q4,4809,0,0,0,4
Siskiyou,18-49,Q1,126082,283,295,1,7
Siskiyou,18-49,Q2,171885,4259,4454,26,171
Siskiyou,18-49,Q3,113948,1899,2008,16,515
Siskiyou,18-49,Q4,8784,0,0,0,43
Siskiyou,50-64,Q1,64931,149,176,1,2
Siskiyou,50-64,Q2,87997,2141,2466,52,263
Siskiyou,50-64,Q3,56929,1041,1284,49,1133
Siskiyou,50-64,Q4,6285,0,0,0,144
Siskiyou,65+,Q1,110065,262,327,17,66
Siskiyou,65+,Q2,140410,3717,4849,233,1397
Siskiyou,65+,Q3,89928,1419,2059,191,4991
Siskiyou,65+,Q4,7339,0,0,0,461
Solano,0-17,Q1,862231,2262,2295,0,0
Solano,0-17,Q2,1081142,26605,27102,27,152
Solano,0-17,Q3,775034,13575,13880,19,560
Solano,0-17,Q4,58465,0,0,0,47
Solano,18-49,Q1,1609350,4007,4137,9,42
Solano,18-49,Q2,1987460,47735,49914,253,1463
Solano,18-49,Q3,1492814,27448,29204,254,6280
Solano,18-49,Q4,95761,0,0,0,474
Solano,50-64,Q1,756245,1888,2125,30,107
Solano,50-64,Q2,904409,22622,26238,555,3298
Solano,50-64,Q3,665364,11925,14742,533,13289
Solano,50-64,Q4,47576,0,0,0,1112
Solano,65+,Q1,742358,1895,2290,76,284
Solano,65+,Q2,910342,22538,28851,1381,8343
Solano,65+,Q3,643566,11249,16232,1378,32410
Solano,65+,Q4,59691,0,0,0,3522
Sonoma,0-17,Q1,781407,2043,2068,1,2
Sonoma,0-17,Q2,956004,23772,24189,13,76
Sonoma,0-17,Q3,687914,11882,12203,19,390
Sonoma,0-17,Q4,49996,0,0,0,33
Sonoma,18-49,Q1,1749886,4517,4687,17,60
Sonoma,18-49,Q2,2088417,50694,53081,264,1550
Sonoma,18-49,Q3,1586746,29555,31517,299,6867
Sonoma,18-49,Q4,111589,0,0,0,580
Sonoma,50-64,Q1,901561,2276,2523,29,136
Sonoma,50-64,Q2,1103961,27470,31582,628,3765
Sonoma,50-64,Q3,771651,13791,16989,644,14893
Sonoma,50-64,Q4,78921,0,0,0,1774
Sonoma,65+,Q1,1057320,2729,3337,102,400
Sonoma,65+,Q2,1279210,31555,40736,2000,12027
Sonoma,65+,Q3,943334,17095,24489,2065,49182
Sonoma,65+,Q4,67301,0,0,0,4151
Stanislaus,0-17,Q1,1243256,3022,3068,5,13
Stanislaus,0-17,Q2,1602731,39350,40067,47,281
Stanislaus,0-17,Q3,1110139,19709,20259,26,941
Stanislaus,0-17,Q4,97351,0,0,0,99
Stanislaus,18-49,Q1,2248524,5754,5992,20,88
Stanislaus,18-49,Q2,2642516,67218,70386,355,2237
Stanislaus,18-49,Q3,1914927,32890,35164,333,8267
Stanislaus,18-49,Q4,146332,0,0,0,740
Stanislaus,50-64,Q1,847652,2228,2478,31,115
Stanislaus,50-64,Q2,1019911,25154,28887,584,3523
Stanislaus,50-64,Q3,754881,13642,16722,677,15343
Stanislaus,50-64,Q4,55543,0,0,0,1322
Stanislaus,65+,Q1,736562,1919,2326,73,294
Stanislaus,65+,Q2,894447,22011,28346,1356,8011
Stanislaus,65+,Q3,640299,11747,16732,1349,31893
Stanislaus,65+,Q4,60473,0,0,0,3601
Sutter,0-17,Q1,211008,516,522,0,0
Sutter,0-17,Q2,263017,6761,6874,3,26
Sutter,0-17,Q3,183028,3262,3348,0,41
Sutter,0-17,Q4,13537,0,0,0,3
Sutter,18-49,Q1,371526,907,939,2,12
Sutter,18-49,Q2,458196,11358,11896,65,382
Sutter,18-49,Q3,321086,5998,6375,60,1482
Sutter,18-49,Q4,32861,0,0,0,175
Sutter,50-64,Q1,161274,393,445,7,28
Sutter,50-64,Q2,191006,4813,5524,125,781
Sutter,50-64,Q3,136392,2487,3082,111,2828
Sutter,50-64,Q4,12206,0,0,0,288
Sutter,65+,Q1,144298,358,423,15,44
Sutter,65+,Q2,180847,4601,5930,313,1905
Sutter,65+,Q3,124705,2118,3104,262,6774
Sutter,65+,Q4,9922,0,0,0,631
Tehama,0-17,Q1,130362,335,340,0,0
Tehama,0-17,Q2,161049,4031,4106,3,9
Tehama,0-17,Q3,113221,2046,2100,3,72
Tehama,0-17,Q4,8284,0,0,0,6
Tehama,18-49,Q1,219951,560,582,2,14
Tehama,18-49,Q2,273369,6825,7125,35,249
Tehama,18-49,Q3,187216,3218,3426,29,767
Tehama,18-49,Q4,16268,0,0,0,74
Tehama,50-64,Q1,99474,191,210,3,16
Tehama,50-64,Q2,132659,3240,3730,102,506
Tehama,50-64,Q3,90798,1514,1857,61,2003
Tehama,50-64,Q4,6630,0,0,0,166
Tehama,65+,Q1,118484,311,375,13,49
Tehama,65+,Q2,146183,3665,4696,206,1377
Tehama,65+,Q3,102509,1609,2373,228,5175
Tehama,65+,Q4,7721,0,0,0,452
Trinity,0-17,Q1,20349,48,50,0,0
Trinity,0-17,Q2,23841,609,618,1,10
Trinity,0-17,Q3,18394,346,358,1,26
Trinity,0-17,Q4,1338,0,0,0,2
Trinity,18-49,Q1,36428,98,101,0,0
Trinity,18-49,Q2,44789,1174,1222,7,45
Trinity,18-49,Q3,29978,519,559,8,157
Trinity,18-49,Q4,3277,0,0,0,23
Trinity,50-64,Q1,22185,60,67,1,2
Trinity,50-64,Q2,27569,678,763,14,89
Trinity,50-64,Q3,19146,339,413,14,343
Trinity,50-64,Q4,1475,0,0,0,31
Trinity,65+,Q1,38567,80,87,2,2
Trinity,65+,Q2,48050,1214,1586,82,462
Trinity,65+,Q3,33286,559,797,77,1879
Trinity,65+,Q4,2541,0,0,0,167
Tulare,0-17,Q1,1245483,3164,3201,1,5
Tulare,0-17,Q2,1510761,37358,37968,31,161
Tulare,0-17,Q3,1106686,19664,20160,24,655
Tulare,0-17,Q4,80663,0,0,0,65
Tulare,18-49,Q1,1871651,4945,5133,22,100
Tulare,18-49,Q2,2312659,59128,61892,305,2002
Tulare,18-49,Q3,1600579,26549,28479,266,6967
Tulare,18-49,Q4,121570,0,0,0,608
Tulare,50-64,Q1,657099,1728,1932,24,93
Tulare,50-64,Q2,778538,18488,21343,447,2552
Tulare,50-64,Q3,603797,11490,13929,469,11368
Tulare,50-64,Q4,42864,0,0,0,958
Tulare,65+,Q1,562104,1413,1715,50,234
Tulare,65+,Q2,690544,17457,22693,1104,6667
Tulare,65+,Q3,490473,8326,12006,1060,25909
Tulare,65+,Q4,36058,0,0,0,2226
Tuolumne,0-17,Q1,74014,190,192,1,7
Tuolumne,0-17,Q2,89633,2228,2270,4,44
Tuolumne,0-17,Q3,65725,1180,1212,4,106
Tuolumne,0-17,Q4,4717,0,0,0,9
Tuolumne,18-49,Q1,159500,384,407,1,4
Tuolumne,18-49,Q2,197315,5042,5288,26,156
Tuolumne,18-49,Q3,137047,2376,2545,30,656
Tuolumne,18-49,Q4,10096,0,0,0,57
Tuolumne,50-64,Q1,87020,255,277,4,16
Tuolumne,50-64,Q2,108470,2723,3126,60,362
Tuolumne,50-64,Q3,73654,1235,1530,58,1368
Tuolumne,50-64,Q4,8077,0,0,0,169
Tuolumne,65+,Q1,140324,375,434,9,40
Tuolumne,65+,Q2,173114,4427,5686,261,1490
Tuolumne,65+,Q3,120774,1984,2891,242,5966
Tuolumne,65+,Q4,8956,0,0,0,512
Ventura,0-17,Q1,1641727,4085,4149,2,7
Ventura,0-17,Q2,2017150,50891,51835,41,246
Ventura,0-17,Q3,1450101,24538,25210,41,996
Ventura,0-17,Q4,86831,0,0,0,73
Ventura,18-49,Q1,3083623,7863,8118,18,75
Ventura,18-49,Q2,3793130,94507,98806,480,2825
Ventura,18-49,Q3,2704170,45782,49032,459,11334
Ventura,18-49,Q4,198152,0,0,0,957
Ventura,50-64,Q1,1473271,3639,4065,70,278
Ventura,50-64,Q2,1861344,46522,53656,1097,6888
Ventura,50-64,Q3,1280188,22303,27476,1099,25907
Ventura,50-64,Q4,121938,0,0,0,2903
Ventura,65+,Q1,1378170,3466,4239,154,657
Ventura,65+,Q2,1689060,41955,53863,2516,15224
Ventura,65+,Q3,1222909,21778,31363,2670,62849
Ventura,65+,Q4,88658,0,0,0,5374
Yolo,0-17,Q1,459153,1215,1228,0,0
Yolo,0-17,Q2,561400,13953,14203,17,78
Yolo,0-17,Q3,402712,7042,7231,11,337
Yolo,0-17,Q4,30717,0,0,0,31
Yolo,18-49,Q1,990605,2546,2641,9,48
Yolo,18-49,Q2,1186982,28781,30111,131,791
Yolo,18-49,Q3,878764,16626,17659,142,3332
Yolo,18-49,Q4,78655,0,0,0,354
Yolo,50-64,Q1,290511,701,796,16,60
Yolo,50-64,Q2,378863,9425,10878,246,1583
Yolo,50-64,Q3,262040,4403,5348,181,5355
Yolo,50-64,Q4,15319,0,0,0,376
Yolo,65+,Q1,292035,775,943,30,111
Yolo,65+,Q2,357222,9089,11666,520,3242
Yolo,65+,Q3,246086,4232,6204,546,12312
Yolo,65+,Q4,24158,0,0,0,1436
Yuba,0-17,Q1,184959,462,466,1,4
Yuba,0-17,Q2,227453,5685,5797,2,24
Yuba,0-17,Q3,164549,2924,3014,6,103
Yuba,0-17,Q4,9763,0,0,0,6
Yuba,18-49,Q1,297753,802,841,6,34
Yuba,18-49,Q2,362359,9222,9649,58,404
Yuba,18-49,Q3,257970,4483,4795,38,1219
Yuba,18-49,Q4,21820,0,0,0,118
Yuba,50-64,Q1,123574,303,347,4,21
Yuba,50-64,Q2,140168,3537,4087,74,416
Yuba,50-64,Q3,109685,1949,2422,100,2157
Yuba,50-64,Q4,5137,0,0,0,125
Yuba,65+,Q1,95118,233,282,9,36
Yuba,65+,Q2,126875,3303,4275,195,1161
Yuba,65+,Q3,86430,1413,2067,173,4503
Yuba,65+,Q4,4084,0,0,0,256
