county,quarter,age_category,susceptible.x,new_infected,current_infected,new_severe,cumulative_severe,flu_incidence,severe_incidence,susceptible.y,cum_fully_vax,total_partial_vax,cum_atleast_one_dose,cum_unvax
Alameda,Q1,0-17,3022960,7633,7762,4,19,0.25250086008415595,1.3232063937332946e-4,340355,210053,21537,231649,108706
Alameda,Q1,18-49,6716996,17309,17931,56,277,0.2576895981477434,8.337060197743158e-4,754988,669131,59921,729067,25921
Alameda,Q1,50-64,2787395,7014,7859,106,421,0.25163279693046736,0.00380283382871821,317128,283420,19324,302744,14384
Alameda,Q1,65+,2505633,6379,7757,280,1076,0.2545863660001285,0.01117482089356262,265863,245773,17290,263063,2800
Alameda,Q2,0-17,3631372,88749,90337,80,514,2.4439523133405228,0.00220302409116994,340355,213845,21291,235199,105156
Alameda,Q2,18-49,8203573,204636,213987,1046,6412,2.494474054171274,0.01275054174565156,754988,669812,61705,731531,23457
Alameda,Q2,50-64,3540161,88075,101616,2214,13548,2.4878812008832365,0.06253952856946338,317128,283585,20019,303604,13524
Alameda,Q2,65+,3104616,78866,101066,4772,29301,2.5402819543544193,0.15370660977074138,265863,245867,17887,263754,2109
Alameda,Q3,0-17,2695771,49609,50853,56,1690,1.8402527514391984,0.00207732778488974,340355,214952,22328,237343,103012
Alameda,Q3,18-49,5910824,103278,110456,996,24858,1.7472690778815272,0.01685044251021516,754988,669899,62723,732636,22352
Alameda,Q3,50-64,2496339,42980,53011,2124,52599,1.7217212886551063,0.08508459788514301,317128,283606,20448,304054,13074
Alameda,Q3,65+,2168201,36265,52886,4636,112627,1.672584783421832,0.21381781486126053,265863,245880,18362,264242,1621
Alameda,Q4,0-17,210460,0,0,0,152,0,0,340355,215359,23115,238537,101818
Alameda,Q4,18-49,429146,0,0,0,2099,0,0,754988,669899,63264,733177,21811
Alameda,Q4,50-64,171027,0,0,0,4204,0,0,317128,283607,20596,304203,12925
Alameda,Q4,65+,158669,0,0,0,9619,0,0,265863,245881,18557,264438,1425
Alpine,Q1,18-49,3318,7,7,0,0,0.21097046413502107,0,353,212,30,242,111
Alpine,Q1,50-64,2378,2,3,0,0,0.08410428931875526,0,287,158,17,175,112
Alpine,Q1,65+,3079,5,6,1,2,0.16239038648911985,0.03247807729782397,327,207,18,225,102
Alpine,Q2,18-49,4050,107,109,0,0,2.6419753086419755,0,353,212,30,242,111
Alpine,Q2,50-64,2768,81,93,1,1,2.926300578034682,0.0361271676300578,287,158,17,175,112
Alpine,Q2,65+,3839,77,98,5,34,2.005730659025788,0.13024225058609012,327,207,19,226,101
Alpine,Q3,18-49,2752,55,59,0,0,1.998546511627907,0,353,212,30,242,111
Alpine,Q3,50-64,2021,33,42,3,47,1.6328550222662048,0.14844136566056407,287,158,17,175,112
Alpine,Q3,65+,3058,51,68,1,86,1.6677567037279268,0.03270111183780248,327,207,19,226,101
Alpine,Q4,18-49,264,0,0,0,0,0,0,353,212,30,242,111
Alpine,Q4,50-64,210,0,0,0,7,0,0,287,158,17,175,112
Alpine,Q4,65+,127,0,0,0,8,0,0,327,207,19,226,101
Amador,Q1,0-17,50295,139,139,0,0,0.27636942041952484,0,4046,1159,164,1323,2723
Amador,Q1,18-49,121140,323,338,0,0,0.2666336470199769,0,13320,5994,573,6567,6753
Amador,Q1,50-64,69672,171,187,2,11,0.24543575611436444,0.00287059363876449,7920,5562,410,5972,1948
Amador,Q1,65+,98936,228,282,11,34,0.2304520093798011,0.01111829869814829,11135,9380,664,10044,1091
Amador,Q2,0-17,62306,1565,1598,2,11,2.511796616698231,0.00320996372740988,4046,1162,162,1324,2722
Amador,Q2,18-49,139497,3467,3636,18,98,2.4853581080596716,0.01290350330114626,13320,6006,575,6581,6739
Amador,Q2,50-64,84447,2024,2361,61,374,2.3967695714471797,0.07223465605646145,7920,5564,413,5977,1943
Amador,Q2,65+,124702,2857,3663,181,1065,2.291061891549454,0.14514602813106445,11135,9380,681,10061,1074
Amador,Q3,0-17,43989,711,725,0,26,1.6163131692013912,0,4046,1162,167,1329,2717
Amador,Q3,18-49,104215,1894,2003,26,502,1.8173967279182457,0.02494842393129587,13320,6007,589,6596,6724
Amador,Q3,50-64,63451,1064,1324,48,1367,1.6768845250665867,0.07564892594285355,7920,5564,416,5980,1940
Amador,Q3,65+,96419,1877,2711,220,4990,1.946711747684585,0.22817079621236477,11135,9380,686,10066,1069
Amador,Q4,0-17,3245,0,0,0,2,0,0,4046,1162,168,1330,2716
Amador,Q4,18-49,7856,0,0,0,41,0,0,13320,6007,591,6598,6722
Amador,Q4,50-64,4666,0,0,0,113,0,0,7920,5564,417,5981,1939
Amador,Q4,65+,6583,0,0,0,410,0,0,11135,9380,691,10071,1064
Butte,Q1,0-17,380426,786,801,1,4,0.2066104840363172,2.628632112421338e-4,45972,9955,1135,11094,34878
Butte,Q1,18-49,927735,2405,2482,11,58,0.2592335095690041,0.00118568341175012,104011,50685,5024,55710,48301
Butte,Q1,50-64,295084,719,811,8,30,0.24365943256835343,0.00271109243469656,33746,25272,1944,27216,6530
Butte,Q1,65+,405143,1041,1268,47,189,0.2569463127833876,0.01160084217177638,43181,33045,2952,35997,7184
Butte,Q2,0-17,525005,12124,12357,8,57,2.309311339892001,0.00152379501147608,45972,10084,1087,11175,34797
Butte,Q2,18-49,1152960,29840,31254,177,1153,2.58812101026922,0.01535179017485428,104011,50764,5107,55872,48139
Butte,Q2,50-64,371672,9483,10871,238,1458,2.5514432079898404,0.06403495555220733,33746,25281,1966,27247,6499
Butte,Q2,65+,502063,12912,16509,743,4562,2.5717887994136195,0.14798939575312262,43181,33051,3057,36108,7073
Butte,Q3,0-17,373679,6881,7063,13,253,1.8414200423358016,0.0034789217483455,45972,10103,1100,11207,34765
Butte,Q3,18-49,754199,12287,13158,120,3457,1.6291456233699593,0.0159109200622117,104011,50775,5159,55935,48076
Butte,Q3,50-64,247452,4221,5183,208,5176,1.7057853644343146,0.08405670594701195,33746,25281,1978,27259,6487
Butte,Q3,65+,345741,5918,8598,725,17516,1.7116859151792816,0.20969454013264263,43181,33052,3097,36149,7032
Butte,Q4,0-17,25712,0,0,0,20,0,0,45972,10115,1106,11225,34747
Butte,Q4,18-49,79813,0,0,0,432,0,0,104011,50775,5195,55971,48040
Butte,Q4,50-64,26123,0,0,0,616,0,0,33746,25281,1981,27262,6484
Butte,Q4,65+,26470,0,0,0,1566,0,0,43181,33052,3110,36162,7019
Calaveras,Q1,0-17,62795,147,149,0,0,0.23409507126363563,0,5059,1225,168,1393,3666
Calaveras,Q1,18-49,119059,328,339,3,10,0.27549366280583576,0.00251975911102898,13612,6594,676,7270,6342
Calaveras,Q1,50-64,76955,183,195,4,18,0.23780131245533104,0.00519784289519849,9488,6429,436,6865,2623
Calaveras,Q1,65+,130435,339,404,10,44,0.2598995668340553,0.00766665388891018,14026,10360,649,11009,3017
Calaveras,Q2,0-17,77906,2004,2044,2,10,2.5723307575796475,0.00256719636484994,5059,1228,168,1396,3663
Calaveras,Q2,18-49,143755,3446,3615,21,151,2.397134012729992,0.01460818754130291,13612,6603,681,7284,6328
Calaveras,Q2,50-64,101760,2439,2781,55,341,2.396816037735849,0.05404874213836478,9488,6430,445,6875,2613
Calaveras,Q2,65+,163903,4078,5169,233,1390,2.488056960519332,0.14215725154512118,14026,10360,651,11011,3015
Calaveras,Q3,0-17,53599,931,955,5,80,1.7369727047146404,0.00932853224873598,5059,1228,169,1397,3662
Calaveras,Q3,18-49,107199,1974,2115,19,533,1.8414350880138808,0.0177240459332643,13612,6608,692,7300,6312
Calaveras,Q3,50-64,72687,1291,1563,56,1396,1.7761085200930016,0.07704266237428976,9488,6430,446,6876,2612
Calaveras,Q3,65+,113766,1873,2755,236,5576,1.6463618304238523,0.20744334862788533,14026,10360,658,11018,3008
Calaveras,Q4,0-17,3934,0,0,0,7,0,0,5059,1228,169,1397,3662
Calaveras,Q4,18-49,7780,0,0,0,44,0,0,13612,6608,696,7304,6308
Calaveras,Q4,50-64,5568,0,0,0,118,0,0,9488,6430,447,6877,2611
Calaveras,Q4,65+,8432,0,0,0,479,0,0,14026,10360,658,11018,3008
Colusa,Q1,0-17,52141,130,132,0,0,0.24932394852419404,0,2265,980,121,1102,1163
Colusa,Q1,18-49,83627,241,250,0,0,0.2881844380403458,0,9455,6135,594,6729,2726
Colusa,Q1,50-64,33880,87,103,4,15,0.256788665879575,0.01180637544273907,3824,2982,246,3228,596
Colusa,Q1,65+,34574,69,75,3,12,0.19957193266616535,0.00867704055070284,3626,2806,198,3004,622
Colusa,Q2,0-17,63242,1602,1631,1,6,2.533126719585086,0.00158122766515922,2265,980,123,1104,1161
Colusa,Q2,18-49,102759,2648,2748,9,48,2.576903239618914,0.00875835693223951,9455,6145,604,6749,2706
Colusa,Q2,50-64,40899,986,1141,26,187,2.410816890388518,0.06357123646054916,3824,2982,253,3235,589
Colusa,Q2,65+,43515,1126,1424,58,355,2.5876134666207053,0.13328737217051592,3626,2807,203,3010,616
Colusa,Q3,0-17,45815,811,826,1,20,1.7701626104987451,0.00218269125832151,2265,980,125,1106,1159
Colusa,Q3,18-49,71396,1210,1323,20,325,1.69477281640428,0.02801277382486414,9455,6145,608,6753,2702
Colusa,Q3,50-64,30911,526,674,29,674,1.7016596033774385,0.09381773478696905,3824,2982,253,3235,589
Colusa,Q3,65+,29524,462,686,66,1424,1.564828614008942,0.22354694485842028,3626,2808,202,3010,616
Colusa,Q4,0-17,3313,0,0,0,2,0,0,2265,980,126,1107,1158
Colusa,Q4,18-49,6132,0,0,0,29,0,0,9455,6145,610,6755,2700
Colusa,Q4,50-64,2215,0,0,0,61,0,0,3824,2982,253,3235,589
Colusa,Q4,65+,2215,0,0,0,127,0,0,3626,2808,204,3012,614
Contra Costa,Q1,0-17,2074133,4997,5059,1,6,0.24091994100667605,4.821291595090575e-5,240054,145772,12660,158464,81590
Contra Costa,Q1,18-49,4109083,10287,10642,29,126,0.25034782699692365,7.057535708088641e-4,472447,420053,29232,449292,23155
Contra Costa,Q1,50-64,2077958,4945,5544,86,322,0.23797401102428445,0.00413867845259625,238890,210553,10643,221196,17694
Contra Costa,Q1,65+,1988483,5072,6189,193,806,0.2550688137640604,0.00970589137548573,208116,198543,11198,209741,0
Contra Costa,Q2,0-17,2688190,67564,68752,56,349,2.5133640107284085,0.00208318608431695,240054,147640,12601,160272,79782
Contra Costa,Q2,18-49,5196965,129286,135281,669,4054,2.487721198815078,0.01287289793177364,472447,420475,29966,450448,21999
Contra Costa,Q2,50-64,2628062,63058,72805,1540,9166,2.399410668393668,0.05859831312959893,238890,210631,10981,221612,17278
Contra Costa,Q2,65+,2446344,61664,78760,3619,21584,2.5206594003132836,0.1479350410244839,208116,198588,11602,210190,0
Contra Costa,Q3,0-17,1812082,30899,31687,44,1162,1.7051656602736522,0.00242814618764493,240054,148182,13158,161371,78683
Contra Costa,Q3,18-49,3577725,62391,66637,635,15328,1.7438735509297107,0.01774870902598718,472447,420531,30509,451047,21400
Contra Costa,Q3,50-64,1885257,35405,43141,1578,37134,1.877993292161228,0.08370211594493483,238890,210638,11143,221781,17109
Contra Costa,Q3,65+,1734233,29292,42527,3546,85763,1.6890463968797735,0.20447079487012415,208116,198593,11907,210500,0
Contra Costa,Q4,0-17,156454,0,0,0,125,0,0,240054,148387,13651,162069,77985
Contra Costa,Q4,18-49,338832,0,0,0,1697,0,0,472447,420532,30800,451339,21108
Contra Costa,Q4,50-64,187674,0,0,0,4384,0,0,238890,210638,11223,221861,17029
Contra Costa,Q4,65+,127071,0,0,0,7358,0,0,208116,198593,12036,210629,0
Del Norte,Q1,0-17,48104,125,128,0,0,0.25985365042408115,0,4099,1038,197,1236,2863
Del Norte,Q1,18-49,101049,267,279,0,0,0.2642282457025799,0,11404,4832,729,5562,5842
Del Norte,Q1,50-64,40118,90,100,2,13,0.22433820230320553,0.00498529338451567,4812,3451,360,3811,1001
Del Norte,Q1,65+,47982,107,136,5,21,0.2230002917760827,0.01042057438205994,5180,4316,431,4747,433
Del Norte,Q2,0-17,60581,1554,1579,4,26,2.565160693946947,0.00660273022894967,4099,1047,197,1245,2854
Del Norte,Q2,18-49,124817,3266,3413,16,101,2.6166307474142148,0.01281876667441133,11404,4848,740,5589,5815
Del Norte,Q2,50-64,53773,1331,1529,35,220,2.475219905900731,0.06508842727763003,4812,3453,361,3814,998
Del Norte,Q2,65+,59625,1506,1935,94,576,2.5257861635220125,0.15765199161425575,5180,4319,431,4750,430
Del Norte,Q3,0-17,41431,681,696,0,52,1.6436967488112766,0,4099,1047,199,1247,2852
Del Norte,Q3,18-49,84117,1429,1526,14,342,1.6988242566900864,0.0166434846701618,11404,4849,750,5600,5804
Del Norte,Q3,50-64,36233,581,697,22,690,1.603510611873154,0.06071812988159965,4812,3453,361,3814,998
Del Norte,Q3,65+,41266,712,1044,67,1974,1.7253913633499731,0.1623612659332138,5180,4319,434,4753,427
Del Norte,Q4,0-17,3079,0,0,0,4,0,0,4099,1047,202,1250,2849
Del Norte,Q4,18-49,8019,0,0,0,38,0,0,11404,4849,752,5602,5802
Del Norte,Q4,50-64,2650,0,0,0,56,0,0,4812,3453,362,3815,997
Del Norte,Q4,65+,3173,0,0,0,173,0,0,5180,4319,436,4755,425
El Dorado,Q1,0-17,311059,732,748,1,1,0.23532513124519783,3.2148241973387683e-4,35233,11596,1381,12981,22252
El Dorado,Q1,18-49,599862,1449,1501,7,35,0.241555557778289,0.00116693506173086,70153,40034,4905,44940,25213
El Dorado,Q1,50-64,343876,864,942,14,54,0.2512533587688585,0.00407123498005094,39866,30864,2560,33424,6442
El Dorado,Q1,65+,412606,1025,1241,43,195,0.24842101181272208,0.01042156439799712,43837,37648,2839,40487,3350
El Dorado,Q2,0-17,380253,9359,9529,15,88,2.4612560584663368,0.00394474205331713,35233,11673,1374,13051,22182
El Dorado,Q2,18-49,766674,17867,18696,83,537,2.3304559695515956,0.010825983403637,70153,40080,4981,45062,25091
El Dorado,Q2,50-64,416911,10279,11912,277,1711,2.4655142224599493,0.06644103897474521,39866,30874,2626,33500,6366
El Dorado,Q2,65+,486838,11404,14708,718,4212,2.3424629959041816,0.14748232471581924,43837,37654,2906,40560,3277
El Dorado,Q3,0-17,274035,4986,5095,2,232,1.819475614428814,7.298337803565238e-4,35233,11696,1387,13087,22146
El Dorado,Q3,18-49,572569,11131,11849,101,2288,1.9440451718482836,0.01763979537837361,70153,40087,5008,45096,25057
El Dorado,Q3,50-64,307571,5498,6750,282,6801,1.7875547434576082,0.09168614726355866,39866,30875,2645,33520,6346
El Dorado,Q3,65+,382834,7508,10673,825,19078,1.9611633240516777,0.21549810100461295,43837,37655,2934,40589,3248
El Dorado,Q4,0-17,22668,0,0,0,20,0,0,35233,11707,1393,13104,22129
El Dorado,Q4,18-49,43646,0,0,0,211,0,0,70153,40087,5031,45119,25034
El Dorado,Q4,50-64,23356,0,0,0,608,0,0,39866,30875,2649,33524,6342
El Dorado,Q4,65+,27267,0,0,1,1643,0,0.00366743682840063,43837,37655,2949,40604,3233
Fresno,Q1,0-17,2414369,5860,5938,6,16,0.24271352059275111,2.4851213712568374e-4,279298,85206,10881,96119,183179
Fresno,Q1,18-49,4041257,10378,10792,34,137,0.2568012873222366,8.413223905334405e-4,448747,299021,32832,331865,116882
Fresno,Q1,50-64,1416284,3554,3977,59,223,0.2509383711176572,0.00416583114686037,158315,127587,11233,138820,19495
Fresno,Q1,65+,1270407,3241,3932,117,442,0.25511509303711327,0.00920964698714663,135289,117218,10794,128012,7277
Fresno,Q2,0-17,3164872,78970,80408,57,364,2.4952035974914626,0.00180102070478679,279298,85894,10979,96905,182393
Fresno,Q2,18-49,4981442,127433,133320,696,4295,2.5581548475321,0.01397185794795964,448747,299629,33308,332949,115798
Fresno,Q2,50-64,1737810,43832,50542,1064,6383,2.522255022125549,0.06122648620965468,158315,127671,11467,139138,19177
Fresno,Q2,65+,1520295,36896,47851,2296,13328,2.426897411357664,0.15102332113175404,135289,117251,11155,128406,6883
Fresno,Q3,0-17,2142206,36244,37216,55,1375,1.6919007789166869,0.00256744682817618,279298,86030,11120,97182,182116
Fresno,Q3,18-49,3447958,56272,60241,560,15134,1.6320384413035194,0.01624149714120647,448747,299714,33756,333482,115265
Fresno,Q3,50-64,1229918,21429,26436,1020,25114,1.7423112760362884,0.0829323580921655,158315,127679,11574,139253,19062
Fresno,Q3,65+,1145725,20827,29693,2398,57780,1.8178009557267232,0.20929978834362525,135289,117257,11292,128549,6740
Fresno,Q4,0-17,165800,0,0,0,123,0,0,279298,86067,11266,97365,181933
Fresno,Q4,18-49,257981,0,0,0,1301,0,0,448747,299716,33996,333724,115023
Fresno,Q4,50-64,92287,0,0,0,2208,0,0,158315,127680,11619,139299,19016
Fresno,Q4,65+,67142,0,0,1,3949,0,0.00148938071549849,135289,117257,11365,128622,6667
Glenn,Q1,0-17,63098,157,158,0,0,0.24881929696662333,0,5401,1822,178,2001,3400
Glenn,Q1,18-49,107410,294,307,2,4,0.2737175309561493,0.00186202402010985,12107,6347,637,6984,5123
Glenn,Q1,50-64,40516,94,107,1,1,0.2320071083028927,0.00246816072662651,4874,3684,298,3982,892
Glenn,Q1,65+,45479,105,123,5,21,0.23087578882561183,0.01099408518217199,4937,4100,323,4423,514
Glenn,Q2,0-17,80455,1983,2020,1,3,2.4647318376732334,0.00124293083089926,5401,1831,178,2010,3391
Glenn,Q2,18-49,129420,3216,3352,15,124,2.4849327770050995,0.01159017153453871,12107,6360,644,7004,5103
Glenn,Q2,50-64,55239,1417,1641,30,168,2.5652166042107933,0.05430945527616358,4874,3685,303,3988,886
Glenn,Q2,65+,57522,1446,1857,89,568,2.513820798998644,0.15472341017349883,4937,4101,329,4430,507
Glenn,Q3,0-17,57246,923,943,1,22,1.6123397267931383,0.001746846941271,5401,1832,180,2013,3388
Glenn,Q3,18-49,93836,1730,1843,14,371,1.8436420989812012,0.0149196470437785,12107,6363,654,7017,5090
Glenn,Q3,50-64,35671,594,746,34,719,1.665218244512349,0.09531552241316477,4874,3686,302,3988,886
Glenn,Q3,65+,39663,713,1052,102,2319,1.797645160477019,0.25716662884804475,4937,4101,330,4431,506
Glenn,Q4,0-17,4267,0,0,0,2,0,0,5401,1832,184,2017,3384
Glenn,Q4,18-49,8534,0,0,0,37,0,0,12107,6363,657,7020,5087
Glenn,Q4,50-64,3509,0,0,0,91,0,0,4874,3686,304,3990,884
Glenn,Q4,65+,2370,0,0,0,153,0,0,4937,4101,330,4431,506
Humboldt,Q1,0-17,240256,609,618,3,21,0.25347962173681404,0.00124866808737346,27446,9624,1286,10913,16533
Humboldt,Q1,18-49,521059,1328,1382,5,24,0.254865571845031,9.595842313442432e-4,57739,40518,4407,44926,12813
Humboldt,Q1,50-64,202559,541,604,7,28,0.267082677145918,0.00345578325327435,23089,18338,1335,19673,3416
Humboldt,Q1,65+,246279,658,813,26,106,0.26717665736826934,0.01055713235801672,25940,23809,1647,25456,484
Humboldt,Q2,0-17,306585,7643,7781,3,51,2.492946491185153,9.785214540828809e-4,27446,9746,1329,11078,16368
Humboldt,Q2,18-49,596039,15178,15830,82,532,2.546477663374376,0.01375748902336927,57739,40577,4491,45069,12670
Humboldt,Q2,50-64,244022,6047,6979,159,945,2.478055257312865,0.06515805951922368,23089,18353,1361,19714,3375
Humboldt,Q2,65+,306284,7895,10178,498,3016,2.5776730093638585,0.16259419362421804,25940,23813,1710,25523,417
Humboldt,Q3,0-17,210525,3585,3672,12,207,1.702885643035269,0.00570003562522265,27446,9775,1420,11198,16248
Humboldt,Q3,18-49,443623,8045,8592,78,1954,1.8134767584187477,0.01758249684980264,57739,40586,4542,45129,12610
Humboldt,Q3,50-64,181172,3322,4084,153,3766,1.833616673658181,0.08445013578257127,23089,18354,1377,19731,3358
Humboldt,Q3,65+,210151,3527,5269,500,11773,1.678317019666811,0.23792415929498317,25940,23815,1735,25550,390
Humboldt,Q4,0-17,15562,0,0,0,18,0,0,27446,9792,1454,11249,16197
Humboldt,Q4,18-49,32446,0,0,0,168,0,0,57739,40586,4572,45159,12580
Humboldt,Q4,50-64,13110,0,0,0,324,0,0,23089,18354,1387,19741,3348
Humboldt,Q4,65+,15790,0,0,0,1044,0,0,25940,23816,1752,25568,372
Imperial,Q1,0-17,474211,1258,1277,0,0,0.2652827538796021,0,53418,38669,15302,54126,11051
Imperial,Q1,18-49,724875,1862,1942,7,16,0.256871874461114,9.656837385756164e-4,81347,80691,42760,123455,0
Imperial,Q1,50-64,265970,708,788,13,50,0.26619543557544084,0.00488776929728916,30092,34199,13905,48104,0
Imperial,Q1,65+,243872,596,719,21,86,0.24439049993439185,0.00861107466211783,26762,27194,9270,36464,0
Imperial,Q2,0-17,594107,14841,15099,10,55,2.498034865773337,0.00168319848108169,53418,39099,15763,55027,10609
Imperial,Q2,18-49,878606,21807,22838,114,605,2.481999895288673,0.01297509919121881,81347,80828,45377,126209,0
Imperial,Q2,50-64,314054,7484,8656,184,1140,2.3830296700567417,0.05858865035949231,30092,34230,14298,48528,0
Imperial,Q2,65+,315653,7707,9927,482,2910,2.4416051803721173,0.15269932489157398,26762,27222,9559,36781,0
Imperial,Q3,0-17,411537,6940,7142,8,226,1.686361129132982,0.00194393213732908,53418,39248,16330,55744,10296
Imperial,Q3,18-49,647158,11718,12492,116,2770,1.8106861075656948,0.01792452538638168,81347,80865,48922,129791,0
Imperial,Q3,50-64,244322,4797,5835,220,5046,1.963392572097478,0.09004510441139152,30092,34235,14606,48841,0
Imperial,Q3,65+,221628,3906,5595,451,11169,1.7624126915371705,0.20349414333928925,26762,27225,9639,36864,0
Imperial,Q4,0-17,32130,0,0,0,19,0,0,53418,39324,16964,56454,10065
Imperial,Q4,18-49,48619,0,0,0,248,0,0,81347,80868,51442,132314,0
Imperial,Q4,50-64,16896,0,0,0,417,0,0,30092,34236,14744,48980,0
Imperial,Q4,65+,16222,0,0,0,968,0,0,26762,27225,9669,36894,0
Inyo,Q1,0-17,32682,75,75,0,0,0.22948411969891683,0,2804,1034,105,1139,1665
Inyo,Q1,18-49,50370,124,129,0,0,0.2461782807226524,0,5798,4111,517,4628,1170
Inyo,Q1,50-64,35073,80,88,3,13,0.22809568614033585,0.00855358823026259,4020,2709,212,2921,1099
Inyo,Q1,65+,43713,110,131,4,16,0.251641388145403,0.0091505959325601,4659,3852,231,4083,576
Inyo,Q2,0-17,40153,993,1017,0,0,2.473040619629916,0,2804,1035,106,1141,1663
Inyo,Q2,18-49,61525,1575,1646,7,31,2.559934985778139,0.01137748882568061,5798,4114,527,4641,1157
Inyo,Q2,50-64,43160,1117,1286,29,195,2.588044485634847,0.06719184430027804,4020,2712,210,2922,1098
Inyo,Q2,65+,54684,1378,1749,92,565,2.5199327042645017,0.1682393387462512,4659,3852,234,4086,573
Inyo,Q3,0-17,28809,505,522,2,22,1.7529244333368044,0.00694227498351209,2804,1035,107,1142,1662
Inyo,Q3,18-49,43133,776,833,13,210,1.7990865462638814,0.03013933647091554,5798,4115,543,4658,1140
Inyo,Q3,50-64,30159,512,653,34,749,1.6976690208561291,0.11273583341622734,4020,2712,210,2922,1098
Inyo,Q3,65+,36721,648,937,77,1980,1.7646578252226246,0.20968927861441683,4659,3852,235,4087,572
Inyo,Q4,0-17,2088,0,0,0,2,0,0,2804,1035,107,1142,1662
Inyo,Q4,18-49,4084,0,0,0,25,0,0,5798,4115,546,4661,1137
Inyo,Q4,50-64,2219,0,0,0,66,0,0,4020,2712,211,2923,1097
Inyo,Q4,65+,3744,0,0,0,253,0,0,4659,3852,236,4088,571
Kern,Q1,0-17,2205184,5276,5358,5,26,0.23925441142326445,2.2673844903645224e-4,251720,65589,9797,75416,176304
Kern,Q1,18-49,3756116,9726,10099,40,182,0.2589376898903016,0.00106492983709768,418298,234201,29032,263237,155061
Kern,Q1,50-64,1265489,3160,3510,37,141,0.24970584493425071,0.00292377096916685,141795,106049,9926,115975,25820
Kern,Q1,65+,1032504,2567,3116,99,412,0.2486188915490884,0.00958834057785732,108838,89876,7928,97804,11034
Kern,Q2,0-17,2786093,68940,70224,69,420,2.47443283479769,0.00247658638817871,251720,65982,9889,75901,175819
Kern,Q2,18-49,4581039,113143,118236,562,3544,2.4698108878793654,0.01226795929918955,418298,234703,29372,264079,154219
Kern,Q2,50-64,1571250,39918,45964,935,5645,2.540525059665871,0.05950676213206046,141795,106103,10059,116162,25633
Kern,Q2,65+,1279274,32708,42076,1981,11837,2.5567626638233873,0.15485345594454353,108838,89898,8126,98024,10814
Kern,Q3,0-17,1979434,34743,35676,58,1560,1.75519870831763,0.00293013053226326,251720,66043,10010,76083,175637
Kern,Q3,18-49,3317991,58701,62659,556,13721,1.7691729724402507,0.0167571280331984,418298,234750,29731,264485,153813
Kern,Q3,50-64,1091907,18304,22805,960,22323,1.6763332408346134,0.08791957556824893,141795,106111,10116,116227,25568
Kern,Q3,65+,880726,14701,21648,1909,45648,1.6691910991613736,0.21675299695932673,108838,89900,8194,98094,10744
Kern,Q4,0-17,147520,0,0,0,138,0,0,251720,66060,10129,76219,175501
Kern,Q4,18-49,239885,0,0,0,1158,0,0,418298,234750,29971,264725,153573
Kern,Q4,50-64,80735,0,0,0,1932,0,0,141795,106111,10146,116257,25538
Kern,Q4,65+,75276,0,1,0,4618,0,0,108838,89900,8221,98121,10717
Kings,Q1,0-17,422426,1074,1087,1,2,0.2542457140422228,2.3672785292571953e-4,35521,9064,1169,10237,25284
Kings,Q1,18-49,641561,1678,1746,9,43,0.2615495642659077,0.00140282841382191,71634,34151,5126,39279,32355
Kings,Q1,50-64,167100,402,441,4,17,0.24057450628366248,0.00239377618192698,19502,15015,1670,16685,2817
Kings,Q1,65+,157864,382,471,18,69,0.2419804388587645,0.01140221963208838,16867,12829,1387,14216,2651
Kings,Q2,0-17,519640,12952,13193,10,69,2.4924948040951427,0.00192440920637364,35521,9097,1180,10281,25240
Kings,Q2,18-49,798763,20419,21335,108,670,2.55632772173974,0.01352090670198794,71634,34247,5173,39422,32212
Kings,Q2,50-64,218115,5418,6246,148,879,2.4840107282855373,0.06785411365564037,19502,15025,1694,16719,2783
Kings,Q2,65+,197054,4941,6338,294,1774,2.507434510337268,0.14919768185370508,16867,12832,1422,14254,2613
Kings,Q3,0-17,370108,6357,6521,13,294,1.7176067526235586,0.00351248824667394,35521,9101,1205,10310,25211
Kings,Q3,18-49,552863,8920,9554,97,2510,1.6134195994306002,0.01754503376062424,71634,34258,5248,39508,32126
Kings,Q3,50-64,147222,2446,3057,111,3089,1.661436470092785,0.07539634022089091,19502,15026,1716,16742,2760
Kings,Q3,65+,137205,2289,3373,296,6994,1.6683065485951678,0.21573557814948432,16867,12832,1435,14267,2600
Kings,Q4,0-17,27152,0,0,0,24,0,0,35521,9101,1216,10321,25200
Kings,Q4,18-49,41100,0,0,0,214,0,0,71634,34259,5285,39546,32088
Kings,Q4,50-64,11437,0,0,0,282,0,0,19502,15026,1727,16753,2749
Kings,Q4,65+,10160,0,0,0,608,0,0,16867,12832,1440,14272,2595
Lake,Q1,0-17,121305,316,318,1,2,0.2605003915749557,8.243683277688471e-4,9924,2576,567,3145,6779
Lake,Q1,18-49,200753,481,497,3,15,0.2395979138543384,0.00149437368308319,23135,12679,1913,14592,8543
Lake,Q1,50-64,106960,253,283,5,21,0.23653702318623787,0.00467464472700074,12351,9335,875,10210,2141
Lake,Q1,65+,140799,348,436,11,50,0.24716084631282892,0.00781255548689976,15114,11541,991,12532,2582
Lake,Q2,0-17,146799,3594,3654,2,21,2.44824556025586,0.0013624071008658,9924,2584,571,3157,6767
Lake,Q2,18-49,253237,6360,6651,32,215,2.511481339614669,0.01263638409869015,23135,12697,1951,14648,8487
Lake,Q2,50-64,129416,3314,3833,84,516,2.5607343759658776,0.06490696668109044,12351,9339,891,10230,2121
Lake,Q2,65+,174128,4478,5745,274,1729,2.571671414132133,0.15735550859138106,15114,11543,1016,12559,2555
Lake,Q3,0-17,105410,1970,2018,3,77,1.868892894412295,0.00284602978844511,9924,2585,581,3168,6756
Lake,Q3,18-49,179879,3069,3298,34,801,1.7061469098671886,0.01890159496105715,23135,12702,1974,14676,8459
Lake,Q3,50-64,94326,1699,2079,69,1897,1.8012000932934715,0.07315056294128872,12351,9339,897,10236,2115
Lake,Q3,65+,122125,1910,2824,271,6430,1.563971340839304,0.2219037871033777,15114,11543,1028,12571,2543
Lake,Q4,0-17,11107,0,0,0,7,0,0,9924,2587,584,3173,6751
Lake,Q4,18-49,10525,0,0,0,69,0,0,23135,12702,1981,14683,8452
Lake,Q4,50-64,6335,0,0,0,149,0,0,12351,9339,901,10240,2111
Lake,Q4,65+,8857,0,0,0,537,0,0,15114,11543,1033,12576,2538
Lassen,Q1,0-17,46961,101,101,0,0,0.21507208108856288,0,1663,275,54,329,1334
Lassen,Q1,18-49,120807,293,309,1,7,0.242535614658091,8.277666029286382e-4,14093,3289,388,3677,10416
Lassen,Q1,50-64,48000,104,114,0,0,0.21666666666666665,0,5382,2292,244,2536,2846
Lassen,Q1,65+,50511,119,139,5,14,0.2355922472332759,0.00989883391736453,5241,3035,295,3330,1911
Lassen,Q2,0-17,58066,1474,1502,0,0,2.5384906830158784,0,1663,275,54,329,1334
Lassen,Q2,18-49,148545,3556,3733,28,183,2.3938873741963715,0.01884950688343599,14093,3299,390,3689,10404
Lassen,Q2,50-64,60266,1456,1679,35,205,2.4159559287160253,0.0580758636710583,5382,2292,245,2537,2845
Lassen,Q2,65+,62590,1645,2130,109,626,2.628215369867391,0.1741492251158332,5241,3036,303,3339,1902
Lassen,Q3,0-17,39889,710,727,0,0,1.7799393316453158,0,1663,275,56,331,1332
Lassen,Q3,18-49,110435,1881,2018,19,593,1.7032643636528275,0.01720469054194775,14093,3300,395,3695,10398
Lassen,Q3,50-64,42856,705,884,43,883,1.6450438678364758,0.10033600896023892,5382,2292,246,2538,2844
Lassen,Q3,65+,41902,678,989,89,2306,1.61806119039664,0.21240036275118132,5241,3036,306,3342,1899
Lassen,Q4,0-17,4115,0,0,0,0,0,0,1663,275,56,331,1332
Lassen,Q4,18-49,5091,0,0,0,31,0,0,14093,3300,399,3699,10394
Lassen,Q4,50-64,2954,0,0,0,77,0,0,5382,2292,246,2538,2844
Lassen,Q4,65+,4676,0,0,0,293,0,0,5241,3036,306,3342,1899
Madera,Q1,0-17,347682,824,833,0,0,0.23699817649461288,0,30148,11788,1667,13456,16692
Madera,Q1,18-49,615276,1539,1591,4,15,0.25013164823591366,6.50114745252537e-4,70886,38393,4703,43096,27790
Madera,Q1,50-64,224395,530,605,13,58,0.23619064595913455,0.00579335546692216,24912,18597,1601,20198,4714
Madera,Q1,65+,228409,548,678,23,97,0.23992049350069392,0.01006965574911671,24667,19266,1701,20967,3700
Madera,Q2,0-17,460932,11640,11821,6,33,2.5253182682044204,0.00130171044752805,30148,11851,1672,13524,16624
Madera,Q2,18-49,770491,17506,18321,100,597,2.27205768788993,0.01297873693527893,70886,38501,4754,43255,27631
Madera,Q2,50-64,271952,6566,7588,162,1041,2.414396658233806,0.05956933576513502,24912,18611,1623,20234,4678
Madera,Q2,65+,273415,6480,8284,354,2159,2.370023590512591,0.12947351096318782,24667,19268,1746,21014,3653
Madera,Q3,0-17,309928,5102,5236,7,154,1.6461887922356162,0.00225858909165999,30148,11856,1686,13543,16605
Madera,Q3,18-49,582779,11851,12570,102,2434,2.0335324368242507,0.01750234651557451,70886,38515,4827,43342,27544
Madera,Q3,50-64,201960,3725,4544,161,3994,1.8444246385422851,0.07971875618934443,24912,18612,1634,20246,4666
Madera,Q3,65+,208067,4032,5732,447,9698,1.9378373312442627,0.21483464460966903,24667,19268,1780,21048,3619
Madera,Q4,0-17,23218,0,0,0,14,0,0,30148,11857,1707,13565,16583
Madera,Q4,18-49,54202,0,0,0,280,0,0,70886,38516,4860,43376,27510
Madera,Q4,50-64,14579,0,0,0,337,0,0,24912,18612,1640,20252,4660
Madera,Q4,65+,14583,0,0,0,824,0,0,24667,19268,1786,21054,3613
Marin,Q1,0-17,407222,1108,1119,0,0,0.27208746089356667,0,46986,36025,3669,39700,7286
Marin,Q1,18-49,768437,1915,1970,3,14,0.24920715686516912,3.9040285670783687e-4,89471,83793,8429,92224,0
Marin,Q1,50-64,512640,1333,1498,28,116,0.2600265293383271,0.00546192259675405,57543,52973,3268,56241,1302
Marin,Q1,65+,603493,1536,1882,73,307,0.25451827941666266,0.01209624635248462,64165,60215,3718,63933,232
Marin,Q2,0-17,496906,12278,12517,9,52,2.470889866493864,0.00181120775357914,46986,36582,3694,40282,6704
Marin,Q2,18-49,982009,24845,25923,132,758,2.530017545664042,0.01344183199950306,89471,83858,8641,92501,0
Marin,Q2,50-64,623246,15326,17664,378,2339,2.4590611090965684,0.06065020874582427,57543,52982,3334,56316,1227
Marin,Q2,65+,745276,18705,23928,1098,6996,2.5098084468036004,0.14732796977227228,64165,60221,3808,64029,136
Marin,Q3,0-17,348975,6302,6445,5,162,1.805860018625976,0.0014327673902141901,46986,36737,3892,40635,6351
Marin,Q3,18-49,653960,11118,11886,116,2867,1.700103981894917,0.01773808795644993,89471,83860,8745,92607,0
Marin,Q3,50-64,441381,8167,10008,341,8660,1.850328854209855,0.07725751674856869,57543,52983,3357,56340,1203
Marin,Q3,65+,503727,8669,12626,1108,25402,1.720971875638987,0.21996041506609731,64165,60222,4033,64255,0
Marin,Q4,0-17,36919,0,0,0,20,0,0,46986,36776,4022,40804,6182
Marin,Q4,18-49,66236,0,0,0,331,0,0,89471,83861,8800,92663,0
Marin,Q4,50-64,47120,0,0,0,1048,0,0,57543,52983,3372,56355,1188
Marin,Q4,65+,54629,0,0,0,3218,0,0,64165,60222,4066,64288,0
Mariposa,Q1,0-17,23945,70,71,0,0,0.2923366047191481,0,1923,515,135,651,1272
Mariposa,Q1,18-49,48614,119,122,0,0,0.24478545275023655,0,5581,2817,578,3395,2186
Mariposa,Q1,50-64,33186,90,98,3,14,0.2711986982462484,0.00903995660820828,3872,2298,319,2617,1255
Mariposa,Q1,65+,50727,117,139,2,2,0.2306464013247383,0.0039426735269186,5415,3480,444,3924,1491
Mariposa,Q2,0-17,30329,772,784,0,0,2.545418576280128,0,1923,516,134,651,1272
Mariposa,Q2,18-49,58865,1449,1520,9,52,2.4615645969591435,0.01528922109912511,5581,2817,587,3404,2177
Mariposa,Q2,50-64,40078,971,1108,28,199,2.4227755876041717,0.06986376565696892,3872,2300,320,2620,1252
Mariposa,Q2,65+,63102,1573,2014,99,598,2.492789451998352,0.15688884662926691,5415,3480,451,3931,1484
Mariposa,Q3,0-17,20800,337,345,0,0,1.6201923076923077,0,1923,516,137,654,1269
Mariposa,Q3,18-49,42433,775,832,12,246,1.8264086913487143,0.0282798765112059,5581,2818,588,3406,2175
Mariposa,Q3,50-64,29560,565,684,27,704,1.9113667117726656,0.09133964817320704,3872,2301,319,2620,1252
Mariposa,Q3,65+,43916,723,1031,98,2273,1.6463248018945258,0.2231532926496038,5415,3480,456,3936,1479
Mariposa,Q4,0-17,1559,0,0,0,0,0,0,1923,516,137,654,1269
Mariposa,Q4,18-49,4385,0,0,0,32,0,0,5581,2818,591,3409,2172
Mariposa,Q4,50-64,2100,0,0,0,58,0,0,3872,2301,319,2620,1252
Mariposa,Q4,65+,3306,0,0,0,199,0,0,5415,3480,456,3936,1479
Mendocino,Q1,0-17,163735,421,424,0,0,0.2571227898738816,0,18465,5652,868,6522,11943
Mendocino,Q1,18-49,294621,753,779,4,24,0.2555825959452992,0.00135767647248498,33260,23187,3428,26615,6645
Mendocino,Q1,50-64,139194,343,372,7,31,0.24641866747129904,0.00502895239737345,16107,12978,1364,14342,1765
Mendocino,Q1,65+,199394,532,668,20,81,0.26680842954151074,0.01003039208802672,20465,18669,1529,20198,267
Mendocino,Q2,0-17,200046,4949,5038,4,16,2.47393099587095,0.00199954010577567,18465,5711,893,6606,11859
Mendocino,Q2,18-49,362738,8942,9336,41,282,2.465140128687924,0.0113029238734293,33260,23215,3474,26689,6571
Mendocino,Q2,50-64,176930,4556,5264,126,730,2.575029672751936,0.07121460464590516,16107,12984,1388,14372,1735
Mendocino,Q2,65+,224786,6025,7718,383,2460,2.680327066632264,0.17038427660085592,20465,18673,1542,20215,250
Mendocino,Q3,0-17,143528,2601,2673,4,98,1.81218995596678,0.00278691265815729,18465,5747,914,6663,11802
Mendocino,Q3,18-49,255759,4441,4735,48,1088,1.7364002830789922,0.01876766799995308,33260,23219,3503,26722,6538
Mendocino,Q3,50-64,120264,1998,2478,104,2759,1.661345040909998,0.08647641854586577,16107,12985,1392,14377,1730
Mendocino,Q3,65+,161997,2758,4063,366,8922,1.7025006635925355,0.22593010981684847,20465,18678,1563,20241,224
Mendocino,Q4,0-17,10671,0,0,0,8,0,0,18465,5756,935,6693,11772
Mendocino,Q4,18-49,22170,0,0,0,106,0,0,33260,23219,3517,26736,6524
Mendocino,Q4,50-64,9017,0,0,0,237,0,0,16107,12985,1396,14381,1726
Mendocino,Q4,65+,11981,0,0,0,771,0,0,20465,18678,1570,20248,217
Merced,Q1,0-17,680511,1634,1656,0,0,0.2401136792792475,0,59134,20785,3895,24688,34446
Merced,Q1,18-49,1158154,2944,3040,12,56,0.25419762829468273,0.00103613163707071,129509,76653,11012,87666,41843
Merced,Q1,50-64,389729,929,1042,17,80,0.23837076532667573,0.00436200539349137,43289,32255,3576,35831,7458
Merced,Q1,65+,306507,735,881,23,87,0.23979876479166873,0.00750390692545357,33576,28447,2391,30838,2738
Merced,Q2,0-17,886936,21812,22204,20,130,2.4592529787944115,0.00225495413423291,59134,20862,3890,24760,34374
Merced,Q2,18-49,1368589,32804,34330,172,1017,2.396921208631664,0.01256768832717492,129509,76798,11131,87930,41579
Merced,Q2,50-64,487698,12208,14153,334,1994,2.503188448589086,0.06848500506460965,43289,32270,3606,35876,7413
Merced,Q2,65+,405103,9782,12479,594,3458,2.4146945344764172,0.14662937573900958,33576,28452,2436,30888,2688
Merced,Q3,0-17,627170,11164,11461,13,402,1.7800596329543823,0.00207280322719517,59134,20872,3921,24801,34333
Merced,Q3,18-49,1059300,20326,21670,160,4228,1.9188143113376757,0.01510431416973473,129509,76817,11241,88059,41450
Merced,Q3,50-64,339126,5650,7046,313,7735,1.6660474277996968,0.09229607874359384,43289,32271,3622,35893,7396
Merced,Q3,65+,277193,5010,7388,649,14315,1.807404948898421,0.23413289657386732,33576,28454,2445,30899,2677
Merced,Q4,0-17,41772,0,0,0,29,0,0,59134,20873,3939,24820,34314
Merced,Q4,18-49,75167,0,0,0,351,0,0,129509,76817,11325,88143,41366
Merced,Q4,50-64,25131,0,0,0,666,0,0,43289,32271,3630,35901,7388
Merced,Q4,65+,26601,0,0,1,1650,0,0.00375925717078305,33576,28454,2451,30905,2671
Modoc,Q1,0-17,14636,27,29,0,0,0.18447663295982508,0,652,148,12,162,490
Modoc,Q1,18-49,27523,49,50,0,0,0.1780329179231915,0,3170,1018,107,1125,2045
Modoc,Q1,50-64,15793,38,49,1,4,0.240612929779016,0.00633191920471094,1810,950,45,995,815
Modoc,Q1,65+,24137,69,82,5,19,0.28586816920081204,0.02071508472469652,2671,1586,98,1684,987
Modoc,Q2,0-17,19539,500,504,0,0,2.5589845949127388,0,652,148,12,162,490
Modoc,Q2,18-49,36346,969,1019,3,16,2.666043030869972,0.0082540031915479,3170,1020,107,1127,2043
Modoc,Q2,50-64,19538,515,576,11,76,2.6358890367488996,0.05630054253250076,1810,952,45,997,813
Modoc,Q2,65+,29790,767,1017,51,323,2.574689493118496,0.17119838872104734,2671,1586,99,1685,986
Modoc,Q3,0-17,13203,218,224,0,0,1.6511398924486858,0,652,148,12,162,490
Modoc,Q3,18-49,23368,397,422,2,58,1.6989044847654913,0.00855871276959945,3170,1020,109,1129,2041
Modoc,Q3,50-64,13309,187,245,12,277,1.4050642422420918,0.09016455030430535,1810,952,45,997,813
Modoc,Q3,65+,20455,362,521,50,1212,1.769738450256661,0.24443901246638963,2671,1586,101,1687,984
Modoc,Q4,0-17,903,0,0,0,0,0,0,652,148,12,162,490
Modoc,Q4,18-49,2420,0,0,0,7,0,0,3170,1020,110,1130,2040
Modoc,Q4,50-64,1527,0,0,0,33,0,0,1810,952,46,998,812
Modoc,Q4,65+,1541,0,0,0,106,0,0,2671,1586,101,1687,984
Mono,Q1,0-17,24353,63,63,0,0,0.25869502730669736,0,2067,1105,142,1248,819
Mono,Q1,18-49,48700,104,111,1,4,0.2135523613963039,0.00205338809034907,5416,4269,541,4810,606
Mono,Q1,50-64,27493,63,72,1,4,0.22914923798785145,0.00363728949187065,3147,2040,174,2214,933
Mono,Q1,65+,25158,77,98,1,3,0.3060656649972176,0.00397487876619763,2558,1667,130,1797,761
Mono,Q2,0-17,29047,747,764,0,0,2.571694150858953,0,2067,1110,142,1253,814
Mono,Q2,18-49,59897,1486,1556,9,64,2.480925588927659,0.01502579428018097,5416,4271,548,4819,597
Mono,Q2,50-64,34599,865,1007,25,160,2.500072256423596,0.07225642359605769,3147,2041,178,2219,928
Mono,Q2,65+,28849,742,972,58,337,2.5720128947277203,0.2010468300461021,2558,1668,131,1799,759
Mono,Q3,0-17,20136,366,375,1,13,1.8176400476758048,0.00496622963845848,2067,1110,143,1254,813
Mono,Q3,18-49,42672,755,804,8,213,1.76931008623922,0.01874765654293213,5416,4272,549,4821,595
Mono,Q3,50-64,24091,359,445,12,451,1.4901830559129965,0.04981113278817816,3147,2041,179,2220,927
Mono,Q3,65+,21189,307,453,46,1254,1.4488649771107651,0.21709377507197128,2558,1668,135,1803,755
Mono,Q4,0-17,1469,0,0,0,1,0,0,2067,1110,143,1254,813
Mono,Q4,18-49,3125,0,0,0,18,0,0,5416,4272,549,4821,595
Mono,Q4,50-64,1811,0,0,0,38,0,0,3147,2041,179,2220,927
Mono,Q4,65+,1596,0,0,0,105,0,0,2558,1668,135,1803,755
Monterey,Q1,0-17,960320,2231,2265,4,19,0.2323183938687104,4.165278240586471e-4,112743,47915,6665,54589,58154
Monterey,Q1,18-49,1621322,3648,3785,16,73,0.2250015727905993,9.868490034675409e-4,191617,155622,19310,174938,16679
Monterey,Q1,50-64,651176,1626,1803,26,112,0.2497020774721427,0.00399277614654102,73175,62712,5909,68621,4554
Monterey,Q1,65+,629405,1706,2097,62,247,0.27104964212232185,0.00985057316036574,67646,58407,5328,63735,3911
Monterey,Q2,0-17,1284324,31853,32395,34,247,2.4801374108091103,0.00264730706581828,112743,48578,6804,55391,57352
Monterey,Q2,18-49,2202876,53931,56382,271,1699,2.448208614556607,0.01230209961886188,191617,155803,19600,175409,16208
Monterey,Q2,50-64,793920,19631,22594,457,2762,2.4726672712615883,0.05756247480854494,73175,62732,6029,68761,4414
Monterey,Q2,65+,761511,18994,24588,1236,7314,2.494251560384551,0.16230888325972967,67646,58412,5489,63901,3745
Monterey,Q3,0-17,860939,14256,14625,27,783,1.6558664434994814,0.00313611068844598,112743,48794,6987,55790,56953
Monterey,Q3,18-49,1450777,25013,26729,226,5903,1.7241105972868331,0.0155778593126304,191617,155824,19803,175633,15984
Monterey,Q3,50-64,579175,10618,13032,500,11651,1.8332973626278757,0.08632969309794104,73175,62736,6081,68817,4358
Monterey,Q3,65+,540496,10071,14360,1178,28469,1.863288534975282,0.21794795891181432,67646,58414,5590,64004,3642
Monterey,Q4,0-17,62933,0,0,0,65,0,0,112743,48852,7111,55972,56771
Monterey,Q4,18-49,146146,0,0,0,684,0,0,191617,155825,19924,175755,15862
Monterey,Q4,50-64,42336,0,0,0,997,0,0,73175,62737,6104,68841,4334
Monterey,Q4,65+,56629,0,1,1,3495,0,0.00176587967295908,67646,58414,5625,64039,3607
Napa,Q1,0-17,240915,657,667,1,1,0.2727102920117054,4.15084158313098e-4,26841,14105,1539,15649,11192
Napa,Q1,18-49,504300,1317,1363,6,20,0.2611540749553837,0.00118976799524092,56475,45723,5968,51694,4781
Napa,Q1,50-64,233103,593,657,11,49,0.25439398034345334,0.00471894398613488,27435,24234,2281,26515,920
Napa,Q1,65+,263788,698,847,31,125,0.2646064263726932,0.01175186134319984,28618,27270,2144,29414,0
Napa,Q2,0-17,279002,6949,7090,11,71,2.490663149368105,0.00394262406721098,26841,14223,1554,15782,11059
Napa,Q2,18-49,624884,15888,16626,74,475,2.542551897632201,0.01184219791193245,56475,45784,6037,51824,4651
Napa,Q2,50-64,307779,7858,9060,179,1159,2.5531306554378306,0.05815861381055887,27435,24248,2319,26567,868
Napa,Q2,65+,317236,7818,10085,454,2969,2.464411353062074,0.1431111223190306,28618,27276,2181,29457,0
Napa,Q3,0-17,210682,3766,3861,8,247,1.7875281229530762,0.00379719197653335,26841,14259,1613,15877,10964
Napa,Q3,18-49,435269,7166,7671,69,1762,1.6463382414093355,0.01585226606994754,56475,45790,6091,51884,4591
Napa,Q3,50-64,205204,3393,4285,165,4092,1.6534765404183156,0.08040778932184557,27435,24251,2340,26591,844
Napa,Q3,65+,235536,4330,6175,490,11483,1.8383601657496096,0.20803613884926295,28618,27276,2226,29502,0
Napa,Q4,0-17,15545,0,0,0,20,0,0,26841,14272,1643,15920,10921
Napa,Q4,18-49,32726,0,0,0,151,0,0,56475,45790,6117,51910,4565
Napa,Q4,50-64,15991,0,0,0,370,0,0,27435,24251,2343,26594,841
Napa,Q4,65+,16846,0,0,0,981,0,0,28618,27276,2240,29516,0
Nevada,Q1,0-17,134550,343,347,1,5,0.25492382014121145,7.432181345224824e-4,15173,5446,808,6255,8918
Nevada,Q1,18-49,290069,693,713,0,0,0.2389086734535576,0,34085,20368,2930,23298,10787
Nevada,Q1,50-64,160027,360,409,6,21,0.2249620376561455,0.00374936729426909,19621,14746,1376,16122,3499
Nevada,Q1,65+,255924,595,728,37,136,0.23249089573467124,0.01445741704568543,29138,23973,2103,26076,3062
Nevada,Q2,0-17,163743,3967,4051,4,41,2.4226989856054915,0.0024428525188863,15173,5506,811,6318,8855
Nevada,Q2,18-49,388053,9581,10046,47,249,2.4689926376036264,0.01211174762210316,34085,20382,2975,23357,10728
Nevada,Q2,50-64,217106,5474,6336,119,699,2.5213490184518164,0.05481193518373514,19621,14749,1401,16150,3471
Nevada,Q2,65+,350707,8713,11242,588,3754,2.484410063101107,0.16766132412526696,29138,23977,2155,26132,3006
Nevada,Q3,0-17,117737,2126,2192,3,97,1.8057195274212865,0.00254805201423511,15173,5520,823,6344,8829
Nevada,Q3,18-49,261538,4292,4590,42,1039,1.6410617195206816,0.01605885186856212,34085,20384,3001,23385,10700
Nevada,Q3,50-64,144437,2354,2949,119,2836,1.6297763038556603,0.08238886157978911,19621,14750,1411,16161,3460
Nevada,Q3,65+,232439,3816,5508,466,12826,1.6417210536958085,0.2004827072909451,29138,23978,2187,26165,2973
Nevada,Q4,0-17,12093,0,0,0,12,0,0,15173,5524,831,6356,8817
Nevada,Q4,18-49,19409,0,0,0,89,0,0,34085,20386,3011,23397,10688
Nevada,Q4,50-64,10600,0,0,0,241,0,0,19621,14750,1422,16172,3449
Nevada,Q4,65+,17338,0,1,0,1103,0,0,29138,23978,2198,26176,2962
Orange,Q1,0-17,6210710,16011,16226,4,22,0.25779661262560966,6.440487480497399e-5,702608,274866,34673,309640,392968
Orange,Q1,18-49,11764129,29907,30987,87,356,0.25422196577409173,7.395362631606641e-4,1328917,1067784,106362,1174169,154748
Orange,Q1,50-64,5683200,14028,15660,236,995,0.24683277027027023,0.00415259009009009,646140,541491,41755,583246,62894
Orange,Q1,65+,4953543,12703,15324,489,1990,0.256442711812535,0.0098717221188955,531607,484837,38423,523260,8347
Orange,Q2,0-17,7622715,189687,193036,133,774,2.488444077995832,0.00174478515856883,702608,277821,34830,312753,389855
Orange,Q2,18-49,14651835,373480,390564,1986,12278,2.549032254321728,0.01355461619653784,1328917,1068905,108991,1177919,150998
Orange,Q2,50-64,7079622,172932,199396,4238,25348,2.4426727867674294,0.05986195308167583,646140,541737,42909,584646,61494
Orange,Q2,65+,5850733,139019,179181,8643,50046,2.376095439665423,0.14772507991733683,531607,484974,39401,524375,7232
Orange,Q3,0-17,5355515,95538,97959,144,3243,1.7839180732385214,0.00268881704187179,702608,278357,35841,314301,388307
Orange,Q3,18-49,9954064,167119,178700,1709,43681,1.6789022051696676,0.0171688669070241,1328917,1069082,110396,1179501,149416
Orange,Q3,50-64,5116218,93459,114839,4377,104333,1.8267204407630793,0.08555147571897835,646140,541776,43478,585254,60886
Orange,Q3,65+,4564837,87844,124706,9842,227392,1.9243622499554751,0.21560463166592805,531607,484993,39961,524954,6653
Orange,Q4,0-17,524346,0,0,0,368,0,0,702608,278466,36425,314994,387614
Orange,Q4,18-49,920857,0,0,0,4584,0,0,1328917,1069092,111056,1180171,148746
Orange,Q4,50-64,401410,0,0,0,9583,0,0,646140,541777,43689,585466,60674
Orange,Q4,65+,316384,0,3,1,18975,0,3.160716091837767e-4,531607,484993,40145,525138,6469
Placer,Q1,0-17,620072,1493,1511,1,5,0.24077849023984313,1.6127159426647226e-4,72757,32659,2846,35517,37240
Placer,Q1,18-49,1438065,3680,3813,14,52,0.25589942040172037,9.735304037021972e-4,161387,103410,8755,112166,49221
Placer,Q1,50-64,682939,1697,1914,36,149,0.2484848573591492,0.00527133462871501,76937,62000,3948,65948,10989
Placer,Q1,65+,810361,2083,2507,85,347,0.25704593384923513,0.01048915236542726,85295,76816,4807,81623,3672
Placer,Q2,0-17,821539,20506,20872,13,84,2.4960470531526804,0.0015823959665944,72757,32935,2786,35733,37024
Placer,Q2,18-49,1810682,46855,49010,231,1473,2.5876989996034645,0.01275762392291965,161387,103534,8892,112427,48960
Placer,Q2,50-64,833638,20518,23633,520,3218,2.461260163284303,0.06237719489754546,76937,62019,4012,66031,10906
Placer,Q2,65+,1004717,25646,33039,1524,9131,2.5525595764777544,0.15168450419371823,85295,76830,4925,81755,3540
Placer,Q3,0-17,569658,9160,9390,14,331,1.6079823332596048,0.00245761491982909,72757,32981,2878,35871,36886
Placer,Q3,18-49,1210161,19261,20571,218,5365,1.5916064060897683,0.01801413200392344,161387,103550,9000,112551,48836
Placer,Q3,50-64,610752,11123,13607,498,12529,1.821197474588704,0.08153882426909777,76937,62023,4052,66075,10862
Placer,Q3,65+,695425,11731,17149,1484,35854,1.6868821224431103,0.21339468670237624,85295,76833,4980,81813,3482
Placer,Q4,0-17,27060,0,0,0,20,0,0,72757,33004,2908,35924,36833
Placer,Q4,18-49,89949,0,0,0,459,0,0,161387,103551,9041,112593,48794
Placer,Q4,50-64,42158,0,0,0,1009,0,0,76937,62023,4064,66087,10850
Placer,Q4,65+,51778,0,0,0,3105,0,0,85295,76833,5005,81838,3457
Plumas,Q1,0-17,27608,79,80,0,0,0.2861489423355549,0,2285,571,89,660,1625
Plumas,Q1,18-49,54219,133,137,0,0,0.245301462586916,0,6077,2807,368,3175,2902
Plumas,Q1,50-64,31664,80,87,0,0,0.25265285497726125,0,3728,2636,219,2855,873
Plumas,Q1,65+,56493,151,184,5,9,0.2672897527127255,0.00885065406333528,6184,4439,293,4732,1452
Plumas,Q2,0-17,34188,818,836,0,0,2.3926523926523924,0,2285,573,89,662,1623
Plumas,Q2,18-49,64219,1470,1532,9,51,2.289042183777387,0.01401454398231053,6077,2810,372,3182,2895
Plumas,Q2,50-64,39413,990,1137,22,116,2.5118615685180017,0.0558191459670667,3728,2637,220,2857,871
Plumas,Q2,65+,69839,1787,2332,129,732,2.5587422500322172,0.1847105485473733,6184,4439,298,4737,1447
Plumas,Q3,0-17,23840,412,417,1,12,1.7281879194630874,0.00419463087248322,2285,573,91,664,1621
Plumas,Q3,18-49,50256,1010,1076,10,233,2.0097102833492517,0.01989812161731932,6077,2810,374,3184,2893
Plumas,Q3,50-64,27105,466,579,23,515,1.7192399926212871,0.08485519276886183,3728,2637,220,2857,871
Plumas,Q3,65+,49255,738,1056,84,2556,1.498325043142828,0.1705410618211349,6184,4439,299,4738,1446
Plumas,Q4,0-17,2534,0,0,0,1,0,0,2285,573,95,668,1617
Plumas,Q4,18-49,3614,0,0,0,21,0,0,6077,2810,374,3184,2893
Plumas,Q4,50-64,2013,0,0,0,45,0,0,3728,2637,220,2857,871
Plumas,Q4,65+,3651,0,0,0,217,0,0,6184,4439,299,4738,1446
Riverside,Q1,0-17,5132285,12730,12936,6,28,0.2480376674327322,1.1690699172006232e-4,588233,171368,24808,196238,391995
Riverside,Q1,18-49,9264565,23429,24303,83,343,0.25288828995209167,8.958866390380984e-4,1047428,654283,77003,731299,316129
Riverside,Q1,50-64,4032923,10310,11504,164,707,0.2556458429779096,0.00406652941303367,445401,338820,32342,371162,74239
Riverside,Q1,65+,3628759,8437,10331,387,1548,0.23250372923635876,0.01066480303596904,396909,329283,32725,362008,34901
Riverside,Q2,0-17,6531827,161590,164406,126,722,2.4738867088794603,0.00192901618490508,588233,172320,25121,197503,390730
Riverside,Q2,18-49,11572575,294243,307785,1553,9522,2.5425888361060527,0.01341965811411894,1047428,655196,78445,733654,313774
Riverside,Q2,50-64,4949070,123952,142973,3002,18145,2.504551360154534,0.06065786097185936,445401,338985,33026,372011,73390
Riverside,Q2,65+,4876954,119236,153224,7244,44582,2.4448867059234103,0.1485353357854103,396909,329373,33509,362882,34027
Riverside,Q3,0-17,4494731,79698,81731,109,2770,1.7731428198928922,0.00242506170002164,588233,172581,25507,198150,390083
Riverside,Q3,18-49,8093519,132417,141834,1370,35731,1.636086849243203,0.0169271240359107,1047428,655361,79440,734814,312614
Riverside,Q3,50-64,3527922,61052,75267,2951,71985,1.730537126387715,0.08364697405441504,445401,339004,33302,372306,73095
Riverside,Q3,65+,3324041,56656,82468,7113,171711,1.704431443535143,0.21398653025037895,396909,329384,33905,363289,33620
Riverside,Q4,0-17,428111,0,0,0,299,0,0,588233,172640,25852,198554,389679
Riverside,Q4,18-49,502997,0,0,0,2566,0,0,1047428,655370,80008,735391,312037
Riverside,Q4,50-64,257256,0,0,0,6117,0,0,445401,339004,33437,372441,72960
Riverside,Q4,65+,244081,0,0,0,14792,0,0,396909,329387,34036,363423,33486
Sacramento,Q1,0-17,3203585,8175,8285,2,11,0.25518286544605495,6.243005882472292e-5,359115,140522,17830,158431,200684
Sacramento,Q1,18-49,5880529,14349,14902,63,238,0.24400865976513336,0.00107133218797152,683358,493438,43098,536562,146796
Sacramento,Q1,50-64,2528184,6464,7187,104,427,0.2556775930865791,0.00411362464124446,281015,229266,15871,245137,35878
Sacramento,Q1,65+,2128017,5236,6431,222,855,0.2460506659486273,0.0104322474867447,235049,218738,14778,233516,1533
Sacramento,Q2,0-17,3919217,97265,99019,87,517,2.481745716044812,0.00221983115504959,359115,142377,18030,160488,198627
Sacramento,Q2,18-49,7665933,189373,198213,993,6132,2.470319007484151,0.01295341349839608,683358,494356,44061,538443,144915
Sacramento,Q2,50-64,3090296,77137,88936,1821,11127,2.4961039330860215,0.05892639410593678,281015,229417,16210,245627,35388
Sacramento,Q2,65+,2789809,67548,86634,4076,24736,2.421241024027093,0.14610319201063585,235049,218818,15263,234081,968
Sacramento,Q3,0-17,2782057,49282,50546,79,1988,1.771423087305544,0.00283962550012454,359115,142879,18667,161627,197488
Sacramento,Q3,18-49,5291371,91659,98025,926,23294,1.7322353696234871,0.01750019040433944,683358,494529,44831,539383,143975
Sacramento,Q3,50-64,2212573,38575,47547,1776,43276,1.743445301013797,0.08026853803241746,281015,229431,16430,245861,35154
Sacramento,Q3,65+,1961260,34200,49185,4085,98844,1.7437769597095742,0.20828447018753252,235049,218827,15504,234331,718
Sacramento,Q4,0-17,243769,0,0,0,194,0,0,359115,142998,19038,162117,196998
Sacramento,Q4,18-49,419112,0,0,0,2119,0,0,683358,494537,45287,539847,143511
Sacramento,Q4,50-64,176670,0,0,0,4061,0,0,281015,229434,16541,245975,35040
Sacramento,Q4,65+,140805,0,2,0,8367,0,0,235049,218828,15628,234456,593
San Benito,Q1,0-17,119869,297,300,0,0,0.2477704827770316,0,13566,6655,693,7349,6217
San Benito,Q1,18-49,242061,606,627,4,14,0.25035011835859555,0.0016524760287696,27248,21669,2010,23681,3567
San Benito,Q1,50-64,104786,231,266,5,12,0.2204492966617678,0.00477162979787376,11755,10336,803,11139,616
San Benito,Q1,65+,85277,185,236,8,24,0.2169400893558638,0.00938119305322654,9150,7932,724,8656,494
San Benito,Q2,0-17,145047,3666,3744,2,9,2.527456617510186,0.00137886340289699,13566,6728,688,7417,6149
San Benito,Q2,18-49,300049,7630,7972,32,214,2.542917990061623,0.01066492472896093,27248,21704,2044,23750,3498
San Benito,Q2,50-64,129594,3249,3734,86,557,2.5070605120607437,0.06636109696436562,11755,10338,818,11156,599
San Benito,Q2,65+,111071,2778,3552,164,1025,2.5011028981462307,0.14765330284232608,9150,7934,744,8678,472
San Benito,Q3,0-17,105765,1877,1929,1,40,1.7746891693849571,9.454923651491516e-4,13566,6745,700,7446,6120
San Benito,Q3,18-49,208157,3403,3626,32,796,1.6348237147922002,0.01537301171711736,27248,21712,2067,23781,3467
San Benito,Q3,50-64,90179,1660,2060,83,1965,1.8407833309307045,0.09203916654653524,11755,10338,823,11161,594
San Benito,Q3,65+,72538,1350,1925,161,3682,1.861093495822879,0.22195263172406188,9150,7935,752,8687,463
San Benito,Q4,0-17,7607,0,0,0,3,0,0,13566,6753,713,7467,6099
San Benito,Q4,18-49,15470,0,0,0,68,0,0,27248,21712,2098,23812,3436
San Benito,Q4,50-64,8345,0,0,0,218,0,0,11755,10338,828,11166,589
San Benito,Q4,65+,9298,0,0,0,553,0,0,9150,7935,758,8693,457
San Bernardino,Q1,0-17,4928046,11871,12049,6,22,0.24088655016613075,1.2175211026845124e-4,570238,149449,19071,168567,401671
San Bernardino,Q1,18-49,8748081,22572,23433,94,372,0.25802230226263334,0.00107452137217293,967274,598527,61296,659834,307440
San Bernardino,Q1,50-64,3397507,8681,9738,134,521,0.25551087900628316,0.00394406840074207,381023,291367,23880,315247,65776
San Bernardino,Q1,65+,2532086,5920,7235,253,967,0.23379932593126773,0.00999176173321127,281805,234630,20825,255455,26350
San Bernardino,Q2,0-17,6361342,154569,157402,121,747,2.4298174819086915,0.0019021143651764,570238,150646,19239,169932,400306
San Bernardino,Q2,18-49,10242248,251695,263319,1257,7788,2.4574195039995126,0.01227269638462181,967274,599509,62389,661909,305365
San Bernardino,Q2,50-64,4150547,104169,119922,2634,15734,2.509765580295802,0.06346151483165954,381023,291589,24425,316014,65009
San Bernardino,Q2,65+,3394980,81618,104819,4928,29509,2.404078963646325,0.14515549428862615,281805,234708,21470,256178,25627
San Bernardino,Q3,0-17,4502690,79385,81416,129,3001,1.7630571946991689,0.00286495406079476,570238,150861,19626,170534,399704
San Bernardino,Q3,18-49,7911048,143571,153093,1414,33619,1.814816444041295,0.01787373809386569,967274,599666,63440,663117,304157
San Bernardino,Q3,50-64,2973600,52366,64434,2605,63170,1.7610304008609092,0.08760425073984396,381023,291609,24749,316358,64665
San Bernardino,Q3,65+,2375261,41805,60497,5120,120854,1.7600171096986816,0.21555525897996053,281805,234718,21823,256541,25264
San Bernardino,Q4,0-17,330708,0,0,0,259,0,0,570238,150905,19886,170838,399400
San Bernardino,Q4,18-49,420610,0,0,0,2092,0,0,967274,599674,64056,663741,303533
San Bernardino,Q4,50-64,227602,0,0,0,5654,0,0,381023,291610,24893,316503,64520
San Bernardino,Q4,65+,171029,0,0,0,10301,0,0,281805,234718,21942,256660,25145
San Diego,Q1,0-17,7053036,18026,18320,7,32,0.25557788163848877,9.924804013477316e-5,792577,333548,66319,399952,392625
San Diego,Q1,18-49,12789905,32802,34096,115,518,0.25646789401485,8.991466316598912e-4,1415252,1198291,204454,1402801,12451
San Diego,Q1,50-64,5329950,13285,14933,255,1004,0.24925186915449488,0.00478428503081642,598529,532163,59335,591498,7031
San Diego,Q1,65+,5021204,12782,15661,504,1995,0.2545604600012268,0.01003743325306042,537469,495738,44027,539765,0
San Diego,Q2,0-17,8659500,216523,220481,193,1093,2.5004099543853573,0.00222876609504012,792577,338163,68501,406749,385828
San Diego,Q2,18-49,15252344,393821,411905,2016,12396,2.582035915266532,0.01321764051479562,1415252,1199716,218015,1417787,0
San Diego,Q2,50-64,6396169,154979,178829,3904,23460,2.4229972660197068,0.06103653608902454,598529,532403,62242,594645,3884
San Diego,Q2,65+,6217581,157274,202170,9782,59010,2.5295046417569793,0.15732806697652996,537469,495869,46069,541938,0
San Diego,Q3,0-17,6097227,108065,110936,186,4514,1.7723630758703917,0.00305056708566041,792577,339491,71762,411340,381237
San Diego,Q3,18-49,10783850,179727,192185,1836,46484,1.666631119683601,0.01702545936748007,1415252,1199917,235101,1435074,0
San Diego,Q3,50-64,4694254,89974,110044,4094,95462,1.916683673273751,0.08721300551695754,598529,532435,64015,596450,2079
San Diego,Q3,65+,4357403,73702,107572,9191,226158,1.6914203253635252,0.21092839014431303,537469,495886,47270,543156,0
San Diego,Q4,0-17,565553,0,0,0,486,0,0,792577,339882,74227,414196,378381
San Diego,Q4,18-49,820847,0,0,0,4065,0,0,1415252,1199923,249106,1449085,0
San Diego,Q4,50-64,501354,0,1,1,12096,0,1.9945986269183052e-4,598529,532435,65262,597697,832
San Diego,Q4,65+,327389,0,1,0,19871,0,0,537469,495887,47789,543676,0
San Francisco,Q1,0-17,1218225,3149,3194,1,5,0.25849083707853643,8.208664245110714e-5,135506,76603,10873,87490,48016
San Francisco,Q1,18-49,3765980,9388,9731,33,133,0.2492843828166905,8.762659387463556e-4,432220,389535,46652,436193,0
San Francisco,Q1,50-64,1450812,3519,3946,54,217,0.24255382503039677,0.0037220535810291,164698,149068,10331,159399,5299
San Francisco,Q1,65+,1471927,3795,4671,152,609,0.25782528617248,0.01032659907726402,160005,141607,8723,150330,9675
San Francisco,Q2,0-17,1499982,37444,38081,35,199,2.496296622226134,0.00233336133366933,135506,78103,11233,89350,46156
San Francisco,Q2,18-49,4763050,118325,123818,632,3843,2.4842275432758423,0.01326880885147122,432220,389950,48851,438807,0
San Francisco,Q2,50-64,1870524,46733,53809,1142,6977,2.4983908252446905,0.06105241098216329,164698,149163,10919,160082,4616
San Francisco,Q2,65+,1802078,45762,58751,2789,17026,2.539401735108026,0.154765775954204,160005,141657,9091,150748,9257
San Francisco,Q3,0-17,1060938,18941,19430,28,747,1.7853069642146857,0.0026391740139386,135506,78672,11852,90538,44968
San Francisco,Q3,18-49,3293742,58366,62332,569,14218,1.7720270743731596,0.01727518427369235,432220,390001,49906,439913,0
San Francisco,Q3,50-64,1290392,22177,27322,1078,26644,1.718625037972957,0.08354050552080297,164698,149176,11287,160463,4235
San Francisco,Q3,65+,1244546,21375,31096,2677,63958,1.7174937688120808,0.21509851785309664,160005,141663,9421,151084,8921
San Francisco,Q4,0-17,88517,0,0,0,68,0,0,135506,78919,12229,91162,44344
San Francisco,Q4,18-49,314663,0,0,0,1593,0,0,432220,390002,50355,440363,0
San Francisco,Q4,50-64,94963,0,0,0,2287,0,0,164698,149176,11421,160597,4101
San Francisco,Q4,65+,118434,0,0,1,7109,0,8.443521286117163e-4,160005,141663,9552,151215,8790
San Joaquin,Q1,0-17,1743551,4379,4440,3,11,0.25115411020383116,1.7206264686263838e-4,197040,68293,11157,79482,117558
San Joaquin,Q1,18-49,2926149,7463,7742,36,150,0.2550451121935349,0.00123028594921174,332959,236643,26022,262668,70291
San Joaquin,Q1,50-64,1254512,3169,3559,55,248,0.25260818549364217,0.00438417488234468,139248,109179,8719,117898,21350
San Joaquin,Q1,65+,1005121,2573,3164,98,382,0.2559890799217208,0.00975006989208264,106103,97292,6963,104255,1848
San Joaquin,Q2,0-17,2147046,52391,53362,41,267,2.440143341130092,0.00190960044638074,197040,68690,11470,80192,116848
San Joaquin,Q2,18-49,3602843,86716,90810,455,2843,2.40687701351405,0.01262891555363361,332959,237065,26335,263403,69556
San Joaquin,Q2,50-64,1575387,39516,45538,1006,6168,2.5083360469522726,0.06385732521596281,139248,109256,8866,118122,21126
San Joaquin,Q2,65+,1245105,31394,40395,1878,11327,2.521393778034784,0.15083065283650776,106103,97321,7090,104411,1692
San Joaquin,Q3,0-17,1549514,28155,28854,42,987,1.8170213370127664,0.00271052730081819,197040,68759,11590,80381,116659
San Joaquin,Q3,18-49,2678518,49134,52400,454,11433,1.8343725896185876,0.01694967142277931,332959,237128,26696,263827,69132
San Joaquin,Q3,50-64,1089595,18608,23067,938,23163,1.7077905093176822,0.08608703233770346,139248,109268,8951,118219,21029
San Joaquin,Q3,65+,864549,14552,21239,1809,43716,1.6831897324500984,0.20924204411780015,106103,97325,7163,104488,1615
San Joaquin,Q4,0-17,137657,0,0,0,111,0,0,197040,68763,11655,80450,116590
San Joaquin,Q4,18-49,189698,0,0,0,945,0,0,332959,237128,26887,264018,68941
San Joaquin,Q4,50-64,89423,0,0,0,2236,0,0,139248,109268,8999,118267,20981
San Joaquin,Q4,65+,70792,0,1,0,4166,0,0,106103,97326,7197,104523,1580
San Luis Obispo,Q1,0-17,414531,894,910,0,0,0.2156654146493266,0,49397,17437,2636,20087,29310
San Luis Obispo,Q1,18-49,1000847,2493,2586,7,37,0.24908902159870588,6.994076017613082e-4,112864,71899,8723,80627,32237
San Luis Obispo,Q1,50-64,443859,1161,1324,19,80,0.26156955249302144,0.00428063867128975,50974,39526,3362,42888,8086
San Luis Obispo,Q1,65+,614907,1509,1856,62,258,0.24540296337494935,0.01008282553296677,65339,56892,3617,60509,4830
San Luis Obispo,Q2,0-17,559001,13566,13810,14,82,2.4268292901086044,0.00250446779164974,49397,17720,2533,20267,29130
San Luis Obispo,Q2,18-49,1227050,31115,32576,163,974,2.535756489140622,0.01328389226192901,112864,71968,8829,80802,32062
San Luis Obispo,Q2,50-64,537015,13195,15202,334,2048,2.457100825861475,0.06219565561483385,50974,39536,3417,42953,8021
San Luis Obispo,Q2,65+,759238,19380,24888,1195,7184,2.552559276537792,0.15739465095266572,65339,56899,3684,60583,4756
San Luis Obispo,Q3,0-17,372892,6661,6831,8,268,1.78630809993242,0.00214539330422749,49397,17785,2541,20340,29057
San Luis Obispo,Q3,18-49,870404,14623,15581,156,3770,1.680024448417057,0.01792271175224378,112864,71981,8900,80886,31978
San Luis Obispo,Q3,50-64,394733,7215,8871,351,8256,1.82781779075983,0.08892086549642417,50974,39538,3439,42977,7997
San Luis Obispo,Q3,65+,532546,8927,12983,1118,27693,1.676287118859216,0.20993491642036555,65339,56900,3750,60650,4689
San Luis Obispo,Q4,0-17,36785,0,0,0,28,0,0,49397,17800,2545,20359,29038
San Luis Obispo,Q4,18-49,62468,0,0,0,321,0,0,112864,71981,8931,80917,31947
San Luis Obispo,Q4,50-64,31700,0,0,0,775,0,0,50974,39538,3449,42987,7987
San Luis Obispo,Q4,65+,39199,0,0,0,2376,0,0,65339,56900,3767,60667,4672
San Mateo,Q1,0-17,1387214,3580,3626,3,18,0.2580712132374673,2.1626079321575476e-4,157276,98602,10311,108930,48346
San Mateo,Q1,18-49,2696210,6463,6728,27,122,0.2397068477603747,0.00100140567685751,309919,298933,29730,328667,0
San Mateo,Q1,50-64,1438987,3615,4058,49,182,0.2512183918270283,0.00340517322255169,162707,141030,10006,151036,11671
San Mateo,Q1,65+,1320481,3172,3920,149,543,0.24021549723169056,0.01128376705155167,145088,130493,9531,140024,5064
San Mateo,Q2,0-17,1699551,42636,43390,40,303,2.508662582058438,0.00235356279393792,157276,100609,10212,110838,46438
San Mateo,Q2,18-49,3398485,83125,87009,454,2798,2.44594282452328,0.01335889374235872,309919,299192,30670,329866,0
San Mateo,Q2,50-64,1816140,45791,52852,1162,6843,2.5213364608455295,0.06398185161936855,162707,141094,10431,151525,11182
San Mateo,Q2,65+,1710107,43052,55240,2569,16103,2.517503290729761,0.15022451811494836,145088,130532,9960,140492,4596
San Mateo,Q3,0-17,1212368,21070,21609,36,946,1.7379211592519763,0.00296939543109023,157276,101185,10766,111968,45308
San Mateo,Q3,18-49,2441100,42957,45881,426,10901,1.7597394617180775,0.01745114907213961,309919,299238,31155,330397,0
San Mateo,Q3,50-64,1252412,21347,26299,1014,26007,1.7044710526567937,0.08096377230496035,162707,141100,10681,151781,10926
San Mateo,Q3,65+,1159293,19016,27828,2465,59646,1.6403100855435166,0.21262959407155912,145088,130539,10281,140820,4268
San Mateo,Q4,0-17,88968,0,0,0,83,0,0,157276,101372,11197,112586,44690
San Mateo,Q4,18-49,167718,0,0,0,853,0,0,309919,299238,31388,330630,0
San Mateo,Q4,50-64,104113,0,0,0,2485,0,0,162707,141100,10791,151891,10816
San Mateo,Q4,65+,93436,0,0,0,5601,0,0,145088,130540,10402,140942,4146
Santa Barbara,Q1,0-17,907865,2315,2356,3,19,0.254993859219157,3.3044560589955553e-4,101826,36480,5894,42383,59443
Santa Barbara,Q1,18-49,1843125,4856,5023,13,60,0.2634655815530688,7.053238385893524e-4,203226,147147,20606,167758,35468
Santa Barbara,Q1,50-64,656471,1562,1759,34,144,0.23793891885551685,0.00517920822092674,75640,63419,5856,69275,6365
Santa Barbara,Q1,65+,652750,1604,1965,66,266,0.24572960551512832,0.01011106855610877,72806,70036,5899,75935,0
Santa Barbara,Q2,0-17,1113927,27989,28514,25,148,2.5126422108450552,0.00224431223949145,101826,37013,5876,42898,58928
Santa Barbara,Q2,18-49,2203555,57232,59922,299,1701,2.5972576132658363,0.01356898284817034,203226,147321,20939,168265,34961
Santa Barbara,Q2,50-64,840750,20980,24181,522,3247,2.495391019922688,0.06208742194469224,75640,63432,5965,69397,6243
Santa Barbara,Q2,65+,866207,21468,27447,1294,7788,2.4783914237589864,0.14938692483436403,72806,70050,6009,76059,0
Santa Barbara,Q3,0-17,765397,13805,14180,30,654,1.8036391571955468,0.00391953456833512,101826,37147,6024,43180,58646
Santa Barbara,Q3,18-49,1551424,25804,27609,261,6755,1.6632461532115013,0.01682325399117198,203226,147345,21169,168519,34707
Santa Barbara,Q3,50-64,579013,9999,12365,505,12306,1.7269042318566248,0.0872173854473043,75640,63433,6022,69455,6185
Santa Barbara,Q3,65+,565285,9650,14073,1295,29468,1.707103496466384,0.2290879821682868,72806,70050,6098,76148,0
Santa Barbara,Q4,0-17,84772,0,0,0,82,0,0,101826,37188,6140,43337,58489
Santa Barbara,Q4,18-49,115060,0,0,0,574,0,0,203226,147345,21264,168614,34612
Santa Barbara,Q4,50-64,51837,0,0,0,1311,0,0,75640,63433,6038,69471,6169
Santa Barbara,Q4,65+,60127,0,0,0,3713,0,0,72806,70050,6132,76182,0
Santa Clara,Q1,0-17,3750532,9442,9575,4,13,0.2517509515983333,1.0665153636870716e-4,424995,243934,23516,267477,157518
Santa Clara,Q1,18-49,7709366,20105,20862,66,278,0.2607866846638232,8.561015263771366e-4,849199,808085,69669,877777,0
Santa Clara,Q1,50-64,3595040,9329,10533,160,645,0.2594964172860385,0.00445057634963727,387030,349898,25956,375854,11176
Santa Clara,Q1,65+,2849500,6672,8144,310,1148,0.23414634146341465,0.01087910159677136,313603,280747,22164,302911,10692
Santa Clara,Q2,0-17,4611717,115749,117809,94,510,2.509889483678205,0.00203828639094723,424995,248034,23208,271269,153726
Santa Clara,Q2,18-49,9071967,228111,238663,1185,7239,2.5144602047163533,0.01306221682684692,849199,808819,72191,881033,0
Santa Clara,Q2,50-64,4055366,100007,115514,2587,15488,2.4660412894915034,0.06379202271755496,387030,350104,27235,377339,9691
Santa Clara,Q2,65+,3780141,95109,122394,5787,35676,2.516017259673647,0.1530895276128589,313603,280837,23233,304070,9533
Santa Clara,Q3,0-17,3233696,56316,57775,93,2238,1.741536619397742,0.00287596607720701,424995,249194,24053,273274,151721
Santa Clara,Q3,18-49,6687366,117326,125177,1088,27858,1.7544426310747758,0.01626948487640724,849199,808933,73265,882221,0
Santa Clara,Q3,50-64,3187082,58550,71836,2700,66031,1.837103657828697,0.08471699190670337,387030,350129,27984,378113,8917
Santa Clara,Q3,65+,2512761,41431,60990,5425,132254,1.6488237440807143,0.2158979703998908,313603,280849,23999,304848,8755
Santa Clara,Q4,0-17,280199,0,0,0,210,0,0,424995,249586,24708,274321,150674
Santa Clara,Q4,18-49,483308,0,0,0,2339,0,0,849199,808933,73836,882792,0
Santa Clara,Q4,50-64,197740,0,1,0,4828,0,0,387030,350132,28227,378359,8671
Santa Clara,Q4,65+,210304,0,1,0,12765,0,0,313603,280850,24270,305120,8483
Santa Cruz,Q1,0-17,511110,1329,1341,0,0,0.2600223043963139,0,57623,27248,3006,30261,27362
Santa Cruz,Q1,18-49,1008528,2548,2653,6,30,0.25264543969032094,5.949264670886678e-4,114109,91914,8896,100812,13297
Santa Cruz,Q1,50-64,456150,1154,1282,23,98,0.2529869560451606,0.00504220103036281,51797,45270,2992,48262,3535
Santa Cruz,Q1,65+,487484,1238,1486,32,134,0.25395705294943016,0.00656431800838591,51494,47913,3352,51265,229
Santa Cruz,Q2,0-17,638515,16165,16450,14,68,2.5316554818602537,0.00219258748815611,57623,27597,3045,30649,26974
Santa Cruz,Q2,18-49,1230325,31197,32592,168,979,2.535671468920814,0.01365492857578282,114109,91994,9056,101052,13057
Santa Cruz,Q2,50-64,552495,13511,15632,353,2071,2.445451995040679,0.06389198092290428,51797,45277,3065,48342,3455
Santa Cruz,Q2,65+,575935,13768,17695,852,4712,2.3905475444277564,0.1479333605354771,51494,47927,3417,51344,150
Santa Cruz,Q3,0-17,432401,7315,7517,12,281,1.691716716658842,0.0027752017224752,57623,27694,3128,30829,26794
Santa Cruz,Q3,18-49,895524,15297,16369,153,3963,1.7081619253085345,0.01708496924705535,114109,92000,9174,101176,12933
Santa Cruz,Q3,50-64,398635,7480,9239,390,8783,1.8764032260087549,0.09783385804056342,51797,45279,3093,48372,3425
Santa Cruz,Q3,65+,432435,8655,12196,904,20637,2.001456866349856,0.2090487587729948,51494,47929,3477,51406,88
Santa Cruz,Q4,0-17,41060,0,0,0,37,0,0,57623,27717,3184,30908,26715
Santa Cruz,Q4,18-49,50509,0,0,0,266,0,0,114109,92000,9215,101217,12892
Santa Cruz,Q4,50-64,39309,0,0,0,1063,0,0,51797,45280,3108,48388,3409
Santa Cruz,Q4,65+,46067,0,0,0,2665,0,0,51494,47929,3498,51427,67
Shasta,Q1,0-17,337622,881,896,1,7,0.2609427110792543,2.96189229374863e-4,27675,5570,668,6243,21432
Shasta,Q1,18-49,584067,1363,1406,5,10,0.2333636380757687,8.560661704907142e-4,68656,29229,3807,33037,35619
Shasta,Q1,50-64,285431,693,782,16,54,0.24279072700582627,0.00560555791066842,32608,20855,2147,23002,9606
Shasta,Q1,65+,327355,765,965,29,107,0.23369125261566193,0.00885888408608391,37463,29673,3616,33289,4174
Shasta,Q2,0-17,417748,10697,10890,8,45,2.5606346409797296,0.00191503011384854,27675,5590,671,6266,21409
Shasta,Q2,18-49,759802,18397,19305,113,654,2.4212887041624,0.01487229567703164,68656,29266,3859,33126,35530
Shasta,Q2,50-64,354877,9009,10319,215,1394,2.538626059169797,0.06058437148645869,32608,20868,2178,23046,9562
Shasta,Q2,65+,448602,10955,14139,682,4103,2.4420310208157785,0.15202785542641362,37463,29680,3723,33403,4060
Shasta,Q3,0-17,290399,4695,4829,15,271,1.6167411044803872,0.00516530704306833,27675,5594,679,6278,21397
Shasta,Q3,18-49,528396,9775,10410,93,2494,1.849938303847872,0.0176004360366089,68656,29272,3902,33175,35481
Shasta,Q3,50-64,245775,4099,5122,210,5157,1.6677855762384293,0.08544400366188587,32608,20871,2188,23059,9549
Shasta,Q3,65+,298440,4937,7035,583,14942,1.6542688647634367,0.19534914890765315,37463,29682,3748,33430,4033
Shasta,Q4,0-17,22191,0,0,0,24,0,0,27675,5594,684,6283,21392
Shasta,Q4,18-49,53896,0,0,0,295,0,0,68656,29272,3921,33194,35462
Shasta,Q4,50-64,18460,0,0,0,448,0,0,32608,20872,2193,23065,9543
Shasta,Q4,65+,21805,0,1,0,1272,0,0,37463,29682,3760,33442,4021
Sierra,Q1,18-49,7948,20,20,0,0,0.25163563160543534,0,934,429,34,463,471
Sierra,Q1,50-64,5699,9,11,1,3,0.15792244253377785,0.01754693805930865,670,412,26,438,232
Sierra,Q1,65+,9685,22,25,0,0,0.22715539494062983,0,1056,658,40,698,358
Sierra,Q2,18-49,9631,230,243,0,0,2.3881216903748315,0,934,429,35,464,470
Sierra,Q2,50-64,7395,169,187,4,32,2.2853279242731577,0.05409060175794455,670,412,26,438,232
Sierra,Q2,65+,12007,305,393,18,104,2.540184892146248,0.14991255101190973,1056,658,42,700,356
Sierra,Q3,18-49,7206,135,146,2,25,1.8734388009991676,0.02775464890369137,934,429,36,465,469
Sierra,Q3,50-64,5652,97,119,2,93,1.7162066525123851,0.03538570417551309,670,412,26,438,232
Sierra,Q3,65+,8277,137,199,21,419,1.6551890781684186,0.25371511417180137,1056,658,42,700,356
Sierra,Q4,18-49,509,0,0,0,2,0,0,934,429,36,465,469
Sierra,Q4,50-64,412,0,0,0,7,0,0,670,412,26,438,232
Sierra,Q4,65+,619,0,0,0,39,0,0,1056,658,42,700,356
Siskiyou,Q1,0-17,76859,195,196,0,0,0.2537113415475091,0,6118,1292,181,1476,4642
Siskiyou,Q1,18-49,126082,283,295,1,7,0.22445709934804337,7.931346266715312e-4,14922,6468,1026,7494,7428
Siskiyou,Q1,50-64,64931,149,176,1,2,0.22947436509525496,0.00154009641003526,8041,5268,661,5929,2112
Siskiyou,Q1,65+,110065,262,327,17,66,0.2380411574978422,0.0154454186162722,11991,8705,844,9549,2442
Siskiyou,Q2,0-17,88027,2322,2365,1,2,2.637827030342963,0.00113601508628034,6118,1300,177,1480,4638
Siskiyou,Q2,18-49,171885,4259,4454,26,171,2.4778194723216105,0.01512639264624603,14922,6477,1035,7512,7410
Siskiyou,Q2,50-64,87997,2141,2466,52,263,2.4330374899144287,0.05909292362239621,8041,5271,669,5940,2101
Siskiyou,Q2,65+,140410,3717,4849,233,1397,2.647247347055053,0.16594259668114808,11991,8705,866,9571,2420
Siskiyou,Q3,0-17,64947,1076,1106,3,47,1.6567354920165671,0.00461915100004619,6118,1300,182,1485,4633
Siskiyou,Q3,18-49,113948,1899,2008,16,515,1.6665496542282443,0.01404149261066451,14922,6478,1040,7518,7404
Siskiyou,Q3,50-64,56929,1041,1284,49,1133,1.8285935112157248,0.08607212492754132,8041,5272,669,5941,2100
Siskiyou,Q3,65+,89928,1419,2059,191,4991,1.5779290098745662,0.212392135930967,11991,8705,873,9578,2413
Siskiyou,Q4,0-17,4809,0,0,0,4,0,0,6118,1300,190,1493,4625
Siskiyou,Q4,18-49,8784,0,0,0,43,0,0,14922,6478,1042,7520,7402
Siskiyou,Q4,50-64,6285,0,0,0,144,0,0,8041,5272,671,5943,2098
Siskiyou,Q4,65+,7339,0,0,0,461,0,0,11991,8705,874,9579,2412
Solano,Q1,0-17,862231,2262,2295,0,0,0.26234269006797484,0,98196,36659,5127,41792,56404
Solano,Q1,18-49,1609350,4007,4137,9,42,0.24898250846615097,5.592319880697176e-4,184205,133675,16927,150603,33602
Solano,Q1,50-64,756245,1888,2125,30,107,0.24965454317053337,0.00396696837665042,84246,71172,6881,78053,6193
Solano,Q1,65+,742358,1895,2290,76,284,0.2552676740871655,0.0102376481428098,78679,70767,6846,77613,1066
Solano,Q2,0-17,1081142,26605,27102,27,152,2.4608238325770344,0.00249735927380492,98196,36957,5161,42124,56072
Solano,Q2,18-49,1987460,47735,49914,253,1463,2.401809344590583,0.0127298159459813,184205,133849,17208,151058,33147
Solano,Q2,50-64,904409,22622,26238,555,3298,2.501301955199473,0.06136604124903666,84246,71204,6995,78199,6047
Solano,Q2,65+,910342,22538,28851,1381,8343,2.475772841415644,0.15170122876896813,78679,70781,7001,77782,897
Solano,Q3,0-17,775034,13575,13880,19,560,1.7515360616437472,0.00245150535331353,98196,37027,5237,42270,55926
Solano,Q3,18-49,1492814,27448,29204,254,6280,1.83867514640136,0.01701484578788784,184205,133879,17391,151271,32934
Solano,Q3,50-64,665364,11925,14742,533,13289,1.7922520605262684,0.08010652815601685,84246,71208,7048,78256,5990
Solano,Q3,65+,643566,11249,16232,1378,32410,1.7479170745502406,0.21411945317185804,78679,70783,7080,77863,816
Solano,Q4,0-17,58465,0,0,0,47,0,0,98196,37043,5342,42391,55805
Solano,Q4,18-49,95761,0,0,0,474,0,0,184205,133879,17517,151397,32808
Solano,Q4,50-64,47576,0,0,0,1112,0,0,84246,71208,7069,78277,5969
Solano,Q4,65+,59691,0,0,0,3522,0,0,78679,70783,7115,77898,781
Sonoma,Q1,0-17,781407,2043,2068,1,2,0.2614514587148567,1.2797428228823136e-4,89339,46699,5016,51724,37615
Sonoma,Q1,18-49,1749886,4517,4687,17,60,0.25813110111172954,9.714918571838394e-4,198918,161928,13713,175645,23273
Sonoma,Q1,50-64,901561,2276,2523,29,136,0.2524510266082938,0.00321664313340971,101647,86728,4937,91665,9982
Sonoma,Q1,65+,1057320,2729,3337,102,400,0.2581053985548368,0.00964703211894223,110975,103034,5826,108860,2115
Sonoma,Q2,0-17,956004,23772,24189,13,76,2.486600474475002,0.00135982694633076,89339,47225,5088,52322,37017
Sonoma,Q2,18-49,2088417,50694,53081,264,1550,2.4273887829873058,0.01264115356272238,198918,162164,13976,176144,22774
Sonoma,Q2,50-64,1103961,27470,31582,628,3765,2.4883125400263233,0.05688606753318278,101647,86760,5045,91805,9842
Sonoma,Q2,65+,1279210,31555,40736,2000,12027,2.4667568264788424,0.15634649510244605,110975,103050,5975,109025,1950
Sonoma,Q3,0-17,687914,11882,12203,19,390,1.7272507900696887,0.00276197315362094,89339,47367,5248,52624,36715
Sonoma,Q3,18-49,1586746,29555,31517,299,6867,1.862616953185954,0.01884359563534428,198918,162182,14169,176355,22563
Sonoma,Q3,50-64,771651,13791,16989,644,14893,1.7872069108962472,0.0834574179259795,101647,86760,5094,91854,9793
Sonoma,Q3,65+,943334,17095,24489,2065,49182,1.812189532021532,0.21890443893679223,110975,103052,6145,109197,1778
Sonoma,Q4,0-17,49996,0,0,0,33,0,0,89339,47411,5321,52741,36598
Sonoma,Q4,18-49,111589,0,0,0,580,0,0,198918,162182,14239,176425,22493
Sonoma,Q4,50-64,78921,0,0,0,1774,0,0,101647,86760,5111,91871,9776
Sonoma,Q4,65+,67301,0,0,0,4151,0,0,110975,103052,6200,109252,1723
Stanislaus,Q1,0-17,1243256,3022,3068,5,13,0.2430714189193537,4.021697864317566e-4,106655,37464,5367,42849,63806
Stanislaus,Q1,18-49,2248524,5754,5992,20,88,0.25590120452350074,8.894723827719874e-4,246429,153050,15234,168285,78144
Stanislaus,Q1,50-64,847652,2228,2478,31,115,0.26284371416571894,0.00365716119350865,94576,73147,5580,78727,15849
Stanislaus,Q1,65+,736562,1919,2326,73,294,0.26053475471175547,0.0099109104189464,77562,68843,5161,74004,3558
Stanislaus,Q2,0-17,1602731,39350,40067,47,281,2.455184307285502,0.00293249459828255,106655,37612,5389,43019,63636
Stanislaus,Q2,18-49,2642516,67218,70386,355,2237,2.543712128895341,0.01343416652917144,246429,153336,15412,168749,77680
Stanislaus,Q2,50-64,1019911,25154,28887,584,3523,2.46629362758123,0.05725989816758521,94576,73176,5642,78818,15758
Stanislaus,Q2,65+,894447,22011,28346,1356,8011,2.460850111856823,0.15160205132333163,77562,68855,5211,74066,3496
Stanislaus,Q3,0-17,1110139,19709,20259,26,941,1.775363265320829,0.00234204905872147,106655,37626,5456,43100,63555
Stanislaus,Q3,18-49,1914927,32890,35164,333,8267,1.717558946111262,0.01738969683961843,246429,153385,15586,168972,77457
Stanislaus,Q3,50-64,754881,13642,16722,677,15343,1.8071722562894017,0.08968300963993,94576,73182,5670,78852,15724
Stanislaus,Q3,65+,640299,11747,16732,1349,31893,1.8346116423733287,0.21068282161927476,77562,68857,5257,74114,3448
Stanislaus,Q4,0-17,97351,0,0,0,99,0,0,106655,37626,5484,43128,63527
Stanislaus,Q4,18-49,146332,0,0,0,740,0,0,246429,153385,15716,169102,77327
Stanislaus,Q4,50-64,55543,0,0,0,1322,0,0,94576,73182,5690,78872,15704
Stanislaus,Q4,65+,60473,0,0,0,3601,0,0,77562,68857,5275,74132,3430
Sutter,Q1,0-17,211008,516,522,0,0,0.244540491355778,0,17646,6437,627,7067,10579
Sutter,Q1,18-49,371526,907,939,2,12,0.2441282709689228,5.383203328972938e-4,41923,25857,2375,28234,13689
Sutter,Q1,50-64,161274,393,445,7,28,0.2436846608876818,0.00434043925245234,17567,13356,1049,14405,3162
Sutter,Q1,65+,144298,358,423,15,44,0.24809768673162488,0.01039515447199545,15705,13662,1043,14705,1000
Sutter,Q2,0-17,263017,6761,6874,3,26,2.5705562758300795,0.00114061068295965,17646,6492,620,7115,10531
Sutter,Q2,18-49,458196,11358,11896,65,382,2.4788518450619383,0.01418606884390086,41923,25910,2392,28304,13619
Sutter,Q2,50-64,191006,4813,5524,125,781,2.519816131430426,0.06544297037789389,17567,13365,1066,14431,3136
Sutter,Q2,65+,180847,4601,5930,313,1905,2.5441395212527715,0.17307447732060804,15705,13663,1081,14744,961
Sutter,Q3,0-17,183028,3262,3348,0,41,1.782240968594969,0,17646,6500,636,7139,10507
Sutter,Q3,18-49,321086,5998,6375,60,1482,1.8680353550139217,0.01868658241094286,41923,25915,2421,28338,13585
Sutter,Q3,50-64,136392,2487,3082,111,2828,1.8234207284884745,0.08138307232095723,17567,13366,1070,14436,3131
Sutter,Q3,65+,124705,2118,3104,262,6774,1.6984082434545529,0.21009582614971337,15705,13664,1093,14757,948
Sutter,Q4,0-17,13537,0,0,0,3,0,0,17646,6500,645,7148,10498
Sutter,Q4,18-49,32861,0,0,0,175,0,0,41923,25915,2437,28354,13569
Sutter,Q4,50-64,12206,0,0,0,288,0,0,17567,13366,1073,14439,3128
Sutter,Q4,65+,9922,0,0,0,631,0,0,15705,13664,1097,14761,944
Tehama,Q1,0-17,130362,335,340,0,0,0.25697672634663477,0,14665,2254,321,2576,12089
Tehama,Q1,18-49,219951,560,582,2,14,0.2546021613904915,9.092934335374696e-4,24685,10029,1237,11266,13419
Tehama,Q1,50-64,99474,191,210,3,16,0.1920099724551139,0.00301586344170336,11886,7143,600,7743,4143
Tehama,Q1,65+,118484,311,375,13,49,0.2624826980858175,0.01097194557914992,12714,9230,796,10026,2688
Tehama,Q2,0-17,161049,4031,4106,3,9,2.502964936137449,0.0018627871020621,14665,2285,319,2605,12060
Tehama,Q2,18-49,273369,6825,7125,35,249,2.4966254403388826,0.01280320738635324,24685,10048,1254,11302,13383
Tehama,Q2,50-64,132659,3240,3730,102,506,2.4423521962324455,0.07688886543694737,11886,7150,615,7765,4121
Tehama,Q2,65+,146183,3665,4696,206,1377,2.5071314721958093,0.14091925873733607,12714,9234,821,10055,2659
Tehama,Q3,0-17,113221,2046,2100,3,72,1.8070852580351704,0.00264968512908382,14665,2287,329,2617,12048
Tehama,Q3,18-49,187216,3218,3426,29,767,1.7188701820357235,0.01549012904879924,24685,10051,1269,11320,13365
Tehama,Q3,50-64,90798,1514,1857,61,2003,1.667437608757902,0.06718209652194983,11886,7154,618,7772,4114
Tehama,Q3,65+,102509,1609,2373,228,5175,1.5696182774195435,0.2224194948736209,12714,9236,827,10063,2651
Tehama,Q4,0-17,8284,0,0,0,6,0,0,14665,2288,330,2619,12046
Tehama,Q4,18-49,16268,0,0,0,74,0,0,24685,10051,1281,11332,13353
Tehama,Q4,50-64,6630,0,0,0,166,0,0,11886,7155,618,7773,4113
Tehama,Q4,65+,7721,0,0,0,452,0,0,12714,9236,834,10070,2644
Trinity,Q1,0-17,20349,48,50,0,0,0.23588382721509657,0,1644,331,88,419,1225
Trinity,Q1,18-49,36428,98,101,0,0,0.2690238278247502,0,4065,1798,279,2077,1988
Trinity,Q1,50-64,22185,60,67,1,2,0.2704530087897228,0.00450755014649537,2628,1510,192,1702,926
Trinity,Q1,65+,38567,80,87,2,2,0.2074312235849301,0.00518578058962325,4209,2392,273,2665,1544
Trinity,Q2,0-17,23841,609,618,1,10,2.5544230527242986,0.00419445493058177,1644,332,89,421,1223
Trinity,Q2,18-49,44789,1174,1222,7,45,2.6211793074192324,0.01562883743776373,4065,1799,285,2084,1981
Trinity,Q2,50-64,27569,678,763,14,89,2.4592839783815155,0.0507816750698248,2628,1510,195,1705,923
Trinity,Q2,65+,48050,1214,1586,82,462,2.526534859521332,0.17065556711758584,4209,2392,278,2670,1539
Trinity,Q3,0-17,18394,346,358,1,26,1.8810481678808308,0.00543655539849951,1644,332,89,421,1223
Trinity,Q3,18-49,29978,519,559,8,157,1.7312695977049837,0.02668623657348722,4065,1799,288,2087,1978
Trinity,Q3,50-64,19146,339,413,14,343,1.7706048260733311,0.07312232320066855,2628,1510,195,1705,923
Trinity,Q3,65+,33286,559,797,77,1879,1.6793847263113622,0.2313284864507601,4209,2392,281,2673,1536
Trinity,Q4,0-17,1338,0,0,0,2,0,0,1644,332,89,421,1223
Trinity,Q4,18-49,3277,0,0,0,23,0,0,4065,1800,289,2089,1976
Trinity,Q4,50-64,1475,0,0,0,31,0,0,2628,1510,196,1706,922
Trinity,Q4,65+,2541,0,0,0,167,0,0,4209,2392,282,2674,1535
Tulare,Q1,0-17,1245483,3164,3201,1,5,0.2540379916867593,8.029013643702885e-5,140237,34626,4892,39523,100714
Tulare,Q1,18-49,1871651,4945,5133,22,100,0.2642052391177629,0.00117543281306183,207959,123161,15231,138395,69564
Tulare,Q1,50-64,657099,1728,1932,24,93,0.2629740724000493,0.0036524176722229,73318,54671,5504,60175,13143
Tulare,Q1,65+,562104,1413,1715,50,234,0.25137696938644805,0.00889515107524586,60135,47706,4723,52429,7706
Tulare,Q2,0-17,1510761,37358,37968,31,161,2.472793512673414,0.00205194600601948,140237,34766,4939,39710,100527
Tulare,Q2,18-49,2312659,59128,61892,305,2002,2.556710695351109,0.01318828240566378,207959,123499,15426,138928,69031
Tulare,Q2,50-64,778538,18488,21343,447,2552,2.3747074645039805,0.05741530920777149,73318,54713,5586,60299,13019
Tulare,Q2,65+,690544,17457,22693,1104,6667,2.528006904701221,0.15987395444750804,60135,47730,4821,52551,7584
Tulare,Q3,0-17,1106686,19664,20160,24,655,1.7768364287611842,0.00216863681297134,140237,34792,4971,39768,100469
Tulare,Q3,18-49,1600579,26549,28479,266,6967,1.6587122535032637,0.01661898600443964,207959,123555,15633,139191,68768
Tulare,Q3,50-64,603797,11490,13929,469,11368,1.902957450931356,0.07767511266203708,73318,54718,5638,60356,12962
Tulare,Q3,65+,490473,8326,12006,1060,25909,1.6975450228656823,0.2161179106699044,60135,47732,4862,52594,7541
Tulare,Q4,0-17,80663,0,0,0,65,0,0,140237,34794,5002,39801,100436
Tulare,Q4,18-49,121570,0,0,0,608,0,0,207959,123557,15787,139347,68612
Tulare,Q4,50-64,42864,0,0,0,958,0,0,73318,54719,5668,60387,12931
Tulare,Q4,65+,36058,0,0,0,2226,0,0,60135,47732,4883,52615,7520
Tuolumne,Q1,0-17,74014,190,192,1,7,0.2567081903423677,0.00135109573864404,6039,1592,212,1804,4235
Tuolumne,Q1,18-49,159500,384,407,1,4,0.24075235109717869,6.269592476489028e-4,18149,8256,953,9209,8940
Tuolumne,Q1,50-64,87020,255,277,4,16,0.29303608365892897,0.00459664444955182,10157,6863,502,7365,2792
Tuolumne,Q1,65+,140324,375,434,9,40,0.26723867620649355,0.00641372822895584,15082,12058,694,12752,2330
Tuolumne,Q2,0-17,89633,2228,2270,4,44,2.485691653743599,0.0044626421072596,6039,1593,218,1811,4228
Tuolumne,Q2,18-49,197315,5042,5288,26,156,2.555304969211667,0.01317689988090109,18149,8268,958,9226,8923
Tuolumne,Q2,50-64,108470,2723,3126,60,362,2.510371531298977,0.05531483359454227,10157,6868,507,7375,2782
Tuolumne,Q2,65+,173114,4427,5686,261,1490,2.557274397218018,0.1507677022077937,15082,12060,704,12764,2318
Tuolumne,Q3,0-17,65725,1180,1212,4,106,1.795359452263218,0.00608596424496006,6039,1593,220,1813,4226
Tuolumne,Q3,18-49,137047,2376,2545,30,656,1.7337117923048295,0.02189030040788926,18149,8270,971,9241,8908
Tuolumne,Q3,50-64,73654,1235,1530,58,1368,1.676758899720314,0.0787465718087273,10157,6868,511,7379,2778
Tuolumne,Q3,65+,120774,1984,2891,242,5966,1.642737675327471,0.20037425273651613,15082,12060,707,12767,2315
Tuolumne,Q4,0-17,4717,0,0,0,9,0,0,6039,1593,221,1814,4225
Tuolumne,Q4,18-49,10096,0,0,0,57,0,0,18149,8270,974,9244,8905
Tuolumne,Q4,50-64,8077,0,0,0,169,0,0,10157,6868,511,7379,2778
Tuolumne,Q4,65+,8956,0,0,0,512,0,0,15082,12060,709,12769,2313
Ventura,Q1,0-17,1641727,4085,4149,2,7,0.24882334273603343,1.218229340200898e-4,185988,73504,8911,82426,103562
Ventura,Q1,18-49,3083623,7863,8118,18,75,0.2549922607270733,5.83728944815887e-4,346804,270770,26664,297438,49366
Ventura,Q1,50-64,1473271,3639,4065,70,278,0.24700140028548717,0.0047513322396219,169053,142338,9865,152203,16850
Ventura,Q1,65+,1378170,3466,4239,154,657,0.25149292177307586,0.01117423830151577,148209,138225,10002,148227,0
Ventura,Q2,0-17,2017150,50891,51835,41,246,2.52291599533996,0.00203257070619438,185988,74022,9006,83039,102949
Ventura,Q2,18-49,3793130,94507,98806,480,2825,2.491530741102994,0.01265445687334734,346804,271002,27085,298091,48713
Ventura,Q2,50-64,1861344,46522,53656,1097,6888,2.4993767944023246,0.05893590867674111,169053,142371,10054,152425,16628
Ventura,Q2,65+,1689060,41955,53863,2516,15224,2.483925970658236,0.14895859235314318,148209,138241,10235,148476,0
Ventura,Q3,0-17,1450101,24538,25210,41,996,1.6921579945121064,0.00282738926460984,185988,74151,9161,83323,102665
Ventura,Q3,18-49,2704170,45782,49032,459,11334,1.6930148622312946,0.01697378493216033,346804,271035,27369,298408,48396
Ventura,Q3,50-64,1280188,22303,27476,1099,25907,1.742165994369577,0.08584676625620612,169053,142376,10154,152530,16523
Ventura,Q3,65+,1222909,21778,31363,2670,62849,1.7808356958694391,0.21833186279600525,148209,138246,10399,148645,0
Ventura,Q4,0-17,86831,0,0,0,73,0,0,185988,74190,9261,83462,102526
Ventura,Q4,18-49,198152,0,0,0,957,0,0,346804,271043,27513,298560,48244
Ventura,Q4,50-64,121938,0,0,0,2903,0,0,169053,142376,10191,152567,16486
Ventura,Q4,65+,88658,0,0,0,5374,0,0,148209,138246,10454,148700,0
Yolo,Q1,0-17,459153,1215,1228,0,0,0.2646176764607876,0,51035,20978,2241,23225,27810
Yolo,Q1,18-49,990605,2546,2641,9,48,0.2570146526617572,9.085356928341772e-4,110776,79995,9088,89086,21690
Yolo,Q1,50-64,290511,701,796,16,60,0.24129895253536013,0.00550753671977997,33444,30800,1919,32719,725
Yolo,Q1,65+,292035,775,943,30,111,0.26537914975944665,0.01027274128101083,30639,29938,1737,31675,0
Yolo,Q2,0-17,561400,13953,14203,17,78,2.485393658710367,0.00302814392589953,51035,21192,2235,23433,27602
Yolo,Q2,18-49,1186982,28781,30111,131,791,2.4247208466514234,0.01103639313822787,110776,80084,9311,89398,21378
Yolo,Q2,50-64,378863,9425,10878,246,1583,2.487706638019548,0.06493112285971446,33444,30813,1969,32782,662
Yolo,Q2,65+,357222,9089,11666,520,3242,2.544356170672579,0.14556774218833107,30639,29946,1793,31739,0
Yolo,Q3,0-17,402712,7042,7231,11,337,1.7486441923756928,0.00273148056179105,51035,21243,2276,23525,27510
Yolo,Q3,18-49,878764,16626,17659,142,3332,1.891975547473497,0.01615905977031375,110776,80095,9429,89527,21249
Yolo,Q3,50-64,262040,4403,5348,181,5355,1.680277820180125,0.06907342390474737,33444,30814,1998,32812,632
Yolo,Q3,65+,246086,4232,6204,546,12312,1.7197239989272042,0.2218736539258633,30639,29947,1855,31802,0
Yolo,Q4,0-17,30717,0,0,0,31,0,0,51035,21251,2320,23577,27458
Yolo,Q4,18-49,78655,0,0,0,354,0,0,110776,80096,9483,89582,21194
Yolo,Q4,50-64,15319,0,0,0,376,0,0,33444,30814,2013,32827,617
Yolo,Q4,65+,24158,0,0,0,1436,0,0,30639,29947,1872,31819,0
Yuba,Q1,0-17,184959,462,466,1,4,0.2497850875058797,5.406603625668391e-4,15208,4493,535,5031,10177
Yuba,Q1,18-49,297753,802,841,6,34,0.26935077060516605,0.00201509304692144,33335,18084,1904,19989,13346
Yuba,Q1,50-64,123574,303,347,4,21,0.24519720976904527,0.00323692686163756,13385,8984,774,9758,3627
Yuba,Q1,65+,95118,233,282,9,36,0.24495889316428016,0.00946193149561597,10515,8452,703,9155,1360
Yuba,Q2,0-17,227453,5685,5797,2,24,2.4994174620690868,8.79302537227471e-4,15208,4530,537,5070,10138
Yuba,Q2,18-49,362359,9222,9649,58,404,2.544989913318008,0.01600622586992457,33335,18137,1931,20069,13266
Yuba,Q2,50-64,140168,3537,4087,74,416,2.523400490839564,0.05279379030877233,13385,8988,791,9779,3606
Yuba,Q2,65+,126875,3303,4275,195,1161,2.6033497536945815,0.1536945812807882,10515,8454,741,9195,1320
Yuba,Q3,0-17,164549,2924,3014,6,103,1.7769782861032275,0.00364633027244164,15208,4535,543,5081,10127
Yuba,Q3,18-49,257970,4483,4795,38,1219,1.7377989688723494,0.01473039500717137,33335,18145,1949,20095,13240
Yuba,Q3,50-64,109685,1949,2422,100,2157,1.776906596161736,0.09117016912066372,13385,8988,796,9784,3601
Yuba,Q3,65+,86430,1413,2067,173,4503,1.6348490107601528,0.2001619807937059,10515,8457,750,9207,1308
Yuba,Q4,0-17,9763,0,0,0,6,0,0,15208,4537,546,5086,10122
Yuba,Q4,18-49,21820,0,0,0,118,0,0,33335,18145,1970,20116,13219
Yuba,Q4,50-64,5137,0,0,0,125,0,0,13385,8988,798,9786,3599
Yuba,Q4,65+,4084,0,0,0,256,0,0,10515,8457,754,9211,1304
