county,quarter,age_category,susceptible,cum_fully_vax,total_partial_vax,cum_atleast_one_dose,cum_unvax
Alameda,Q1,0-17,340355,210053,21537,231649,108706
Alameda,Q1,18-49,754988,669131,59921,729067,25921
Alameda,Q1,50-64,317128,283420,19324,302744,14384
Alameda,Q1,65+,265863,245773,17290,263063,2800
Alameda,Q2,0-17,340355,213845,21291,235199,105156
Alameda,Q2,18-49,754988,669812,61705,731531,23457
Alameda,Q2,50-64,317128,283585,20019,303604,13524
Alameda,Q2,65+,265863,245867,17887,263754,2109
Alameda,Q3,0-17,340355,214952,22328,237343,103012
Alameda,Q3,18-49,754988,669899,62723,732636,22352
Alameda,Q3,50-64,317128,283606,20448,304054,13074
Alameda,Q3,65+,265863,245880,18362,264242,1621
Alameda,Q4,0-17,340355,215359,23115,238537,101818
Alameda,Q4,18-49,754988,669899,63264,733177,21811
Alameda,Q4,50-64,317128,283607,20596,304203,12925
Alameda,Q4,65+,265863,245881,18557,264438,1425
Alpine,Q1,18-49,353,212,30,242,111
Alpine,Q1,50-64,287,158,17,175,112
Alpine,Q1,65+,327,207,18,225,102
Alpine,Q2,18-49,353,212,30,242,111
Alpine,Q2,50-64,287,158,17,175,112
Alpine,Q2,65+,327,207,19,226,101
Alpine,Q3,18-49,353,212,30,242,111
Alpine,Q3,50-64,287,158,17,175,112
Alpine,Q3,65+,327,207,19,226,101
Alpine,Q4,18-49,353,212,30,242,111
Alpine,Q4,50-64,287,158,17,175,112
Alpine,Q4,65+,327,207,19,226,101
Amador,Q1,0-17,4046,1159,164,1323,2723
Amador,Q1,18-49,13320,5994,573,6567,6753
Amador,Q1,50-64,7920,5562,410,5972,1948
Amador,Q1,65+,11135,9380,664,10044,1091
Amador,Q2,0-17,4046,1162,162,1324,2722
Amador,Q2,18-49,13320,6006,575,6581,6739
Amador,Q2,50-64,7920,5564,413,5977,1943
Amador,Q2,65+,11135,9380,681,10061,1074
Amador,Q3,0-17,4046,1162,167,1329,2717
Amador,Q3,18-49,13320,6007,589,6596,6724
Amador,Q3,50-64,7920,5564,416,5980,1940
Amador,Q3,65+,11135,9380,686,10066,1069
Amador,Q4,0-17,4046,1162,168,1330,2716
Amador,Q4,18-49,13320,6007,591,6598,6722
Amador,Q4,50-64,7920,5564,417,5981,1939
Amador,Q4,65+,11135,9380,691,10071,1064
Butte,Q1,0-17,45972,9955,1135,11094,34878
Butte,Q1,18-49,104011,50685,5024,55710,48301
Butte,Q1,50-64,33746,25272,1944,27216,6530
Butte,Q1,65+,43181,33045,2952,35997,7184
Butte,Q2,0-17,45972,10084,1087,11175,34797
Butte,Q2,18-49,104011,50764,5107,55872,48139
Butte,Q2,50-64,33746,25281,1966,27247,6499
Butte,Q2,65+,43181,33051,3057,36108,7073
Butte,Q3,0-17,45972,10103,1100,11207,34765
Butte,Q3,18-49,104011,50775,5159,55935,48076
Butte,Q3,50-64,33746,25281,1978,27259,6487
Butte,Q3,65+,43181,33052,3097,36149,7032
Butte,Q4,0-17,45972,10115,1106,11225,34747
Butte,Q4,18-49,104011,50775,5195,55971,48040
Butte,Q4,50-64,33746,25281,1981,27262,6484
Butte,Q4,65+,43181,33052,3110,36162,7019
Calaveras,Q1,0-17,5059,1225,168,1393,3666
Calaveras,Q1,18-49,13612,6594,676,7270,6342
Calaveras,Q1,50-64,9488,6429,436,6865,2623
Calaveras,Q1,65+,14026,10360,649,11009,3017
Calaveras,Q2,0-17,5059,1228,168,1396,3663
Calaveras,Q2,18-49,13612,6603,681,7284,6328
Calaveras,Q2,50-64,9488,6430,445,6875,2613
Calaveras,Q2,65+,14026,10360,651,11011,3015
Calaveras,Q3,0-17,5059,1228,169,1397,3662
Calaveras,Q3,18-49,13612,6608,692,7300,6312
Calaveras,Q3,50-64,9488,6430,446,6876,2612
Calaveras,Q3,65+,14026,10360,658,11018,3008
Calaveras,Q4,0-17,5059,1228,169,1397,3662
Calaveras,Q4,18-49,13612,6608,696,7304,6308
Calaveras,Q4,50-64,9488,6430,447,6877,2611
Calaveras,Q4,65+,14026,10360,658,11018,3008
Colusa,Q1,0-17,2265,980,121,1102,1163
Colusa,Q1,18-49,9455,6135,594,6729,2726
Colusa,Q1,50-64,3824,2982,246,3228,596
Colusa,Q1,65+,3626,2806,198,3004,622
Colusa,Q2,0-17,2265,980,123,1104,1161
Colusa,Q2,18-49,9455,6145,604,6749,2706
Colusa,Q2,50-64,3824,2982,253,3235,589
Colusa,Q2,65+,3626,2807,203,3010,616
Colusa,Q3,0-17,2265,980,125,1106,1159
Colusa,Q3,18-49,9455,6145,608,6753,2702
Colusa,Q3,50-64,3824,2982,253,3235,589
Colusa,Q3,65+,3626,2808,202,3010,616
Colusa,Q4,0-17,2265,980,126,1107,1158
Colusa,Q4,18-49,9455,6145,610,6755,2700
Colusa,Q4,50-64,3824,2982,253,3235,589
Colusa,Q4,65+,3626,2808,204,3012,614
Contra Costa,Q1,0-17,240054,145772,12660,158464,81590
Contra Costa,Q1,18-49,472447,420053,29232,449292,23155
Contra Costa,Q1,50-64,238890,210553,10643,221196,17694
Contra Costa,Q1,65+,208116,198543,11198,209741,0
Contra Costa,Q2,0-17,240054,147640,12601,160272,79782
Contra Costa,Q2,18-49,472447,420475,29966,450448,21999
Contra Costa,Q2,50-64,238890,210631,10981,221612,17278
Contra Costa,Q2,65+,208116,198588,11602,210190,0
Contra Costa,Q3,0-17,240054,148182,13158,161371,78683
Contra Costa,Q3,18-49,472447,420531,30509,451047,21400
Contra Costa,Q3,50-64,238890,210638,11143,221781,17109
Contra Costa,Q3,65+,208116,198593,11907,210500,0
Contra Costa,Q4,0-17,240054,148387,13651,162069,77985
Contra Costa,Q4,18-49,472447,420532,30800,451339,21108
Contra Costa,Q4,50-64,238890,210638,11223,221861,17029
Contra Costa,Q4,65+,208116,198593,12036,210629,0
Del Norte,Q1,0-17,4099,1038,197,1236,2863
Del Norte,Q1,18-49,11404,4832,729,5562,5842
Del Norte,Q1,50-64,4812,3451,360,3811,1001
Del Norte,Q1,65+,5180,4316,431,4747,433
Del Norte,Q2,0-17,4099,1047,197,1245,2854
Del Norte,Q2,18-49,11404,4848,740,5589,5815
Del Norte,Q2,50-64,4812,3453,361,3814,998
Del Norte,Q2,65+,5180,4319,431,4750,430
Del Norte,Q3,0-17,4099,1047,199,1247,2852
Del Norte,Q3,18-49,11404,4849,750,5600,5804
Del Norte,Q3,50-64,4812,3453,361,3814,998
Del Norte,Q3,65+,5180,4319,434,4753,427
Del Norte,Q4,0-17,4099,1047,202,1250,2849
Del Norte,Q4,18-49,11404,4849,752,5602,5802
Del Norte,Q4,50-64,4812,3453,362,3815,997
Del Norte,Q4,65+,5180,4319,436,4755,425
El Dorado,Q1,0-17,35233,11596,1381,12981,22252
El Dorado,Q1,18-49,70153,40034,4905,44940,25213
El Dorado,Q1,50-64,39866,30864,2560,33424,6442
El Dorado,Q1,65+,43837,37648,2839,40487,3350
El Dorado,Q2,0-17,35233,11673,1374,13051,22182
El Dorado,Q2,18-49,70153,40080,4981,45062,25091
El Dorado,Q2,50-64,39866,30874,2626,33500,6366
El Dorado,Q2,65+,43837,37654,2906,40560,3277
El Dorado,Q3,0-17,35233,11696,1387,13087,22146
El Dorado,Q3,18-49,70153,40087,5008,45096,25057
El Dorado,Q3,50-64,39866,30875,2645,33520,6346
El Dorado,Q3,65+,43837,37655,2934,40589,3248
El Dorado,Q4,0-17,35233,11707,1393,13104,22129
El Dorado,Q4,18-49,70153,40087,5031,45119,25034
El Dorado,Q4,50-64,39866,30875,2649,33524,6342
El Dorado,Q4,65+,43837,37655,2949,40604,3233
Fresno,Q1,0-17,279298,85206,10881,96119,183179
Fresno,Q1,18-49,448747,299021,32832,331865,116882
Fresno,Q1,50-64,158315,127587,11233,138820,19495
Fresno,Q1,65+,135289,117218,10794,128012,7277
Fresno,Q2,0-17,279298,85894,10979,96905,182393
Fresno,Q2,18-49,448747,299629,33308,332949,115798
Fresno,Q2,50-64,158315,127671,11467,139138,19177
Fresno,Q2,65+,135289,117251,11155,128406,6883
Fresno,Q3,0-17,279298,86030,11120,97182,182116
Fresno,Q3,18-49,448747,299714,33756,333482,115265
Fresno,Q3,50-64,158315,127679,11574,139253,19062
Fresno,Q3,65+,135289,117257,11292,128549,6740
Fresno,Q4,0-17,279298,86067,11266,97365,181933
Fresno,Q4,18-49,448747,299716,33996,333724,115023
Fresno,Q4,50-64,158315,127680,11619,139299,19016
Fresno,Q4,65+,135289,117257,11365,128622,6667
Glenn,Q1,0-17,5401,1822,178,2001,3400
Glenn,Q1,18-49,12107,6347,637,6984,5123
Glenn,Q1,50-64,4874,3684,298,3982,892
Glenn,Q1,65+,4937,4100,323,4423,514
Glenn,Q2,0-17,5401,1831,178,2010,3391
Glenn,Q2,18-49,12107,6360,644,7004,5103
Glenn,Q2,50-64,4874,3685,303,3988,886
Glenn,Q2,65+,4937,4101,329,4430,507
Glenn,Q3,0-17,5401,1832,180,2013,3388
Glenn,Q3,18-49,12107,6363,654,7017,5090
Glenn,Q3,50-64,4874,3686,302,3988,886
Glenn,Q3,65+,4937,4101,330,4431,506
Glenn,Q4,0-17,5401,1832,184,2017,3384
Glenn,Q4,18-49,12107,6363,657,7020,5087
Glenn,Q4,50-64,4874,3686,304,3990,884
Glenn,Q4,65+,4937,4101,330,4431,506
Humboldt,Q1,0-17,27446,9624,1286,10913,16533
Humboldt,Q1,18-49,57739,40518,4407,44926,12813
Humboldt,Q1,50-64,23089,18338,1335,19673,3416
Humboldt,Q1,65+,25940,23809,1647,25456,484
Humboldt,Q2,0-17,27446,9746,1329,11078,16368
Humboldt,Q2,18-49,57739,40577,4491,45069,12670
Humboldt,Q2,50-64,23089,18353,1361,19714,3375
Humboldt,Q2,65+,25940,23813,1710,25523,417
Humboldt,Q3,0-17,27446,9775,1420,11198,16248
Humboldt,Q3,18-49,57739,40586,4542,45129,12610
Humboldt,Q3,50-64,23089,18354,1377,19731,3358
Humboldt,Q3,65+,25940,23815,1735,25550,390
Humboldt,Q4,0-17,27446,9792,1454,11249,16197
Humboldt,Q4,18-49,57739,40586,4572,45159,12580
Humboldt,Q4,50-64,23089,18354,1387,19741,3348
Humboldt,Q4,65+,25940,23816,1752,25568,372
Imperial,Q1,0-17,53418,38669,15302,54126,11051
Imperial,Q1,18-49,81347,80691,42760,123455,0
Imperial,Q1,50-64,30092,34199,13905,48104,0
Imperial,Q1,65+,26762,27194,9270,36464,0
Imperial,Q2,0-17,53418,39099,15763,55027,10609
Imperial,Q2,18-49,81347,80828,45377,126209,0
Imperial,Q2,50-64,30092,34230,14298,48528,0
Imperial,Q2,65+,26762,27222,9559,36781,0
Imperial,Q3,0-17,53418,39248,16330,55744,10296
Imperial,Q3,18-49,81347,80865,48922,129791,0
Imperial,Q3,50-64,30092,34235,14606,48841,0
Imperial,Q3,65+,26762,27225,9639,36864,0
Imperial,Q4,0-17,53418,39324,16964,56454,10065
Imperial,Q4,18-49,81347,80868,51442,132314,0
Imperial,Q4,50-64,30092,34236,14744,48980,0
Imperial,Q4,65+,26762,27225,9669,36894,0
Inyo,Q1,0-17,2804,1034,105,1139,1665
Inyo,Q1,18-49,5798,4111,517,4628,1170
Inyo,Q1,50-64,4020,2709,212,2921,1099
Inyo,Q1,65+,4659,3852,231,4083,576
Inyo,Q2,0-17,2804,1035,106,1141,1663
Inyo,Q2,18-49,5798,4114,527,4641,1157
Inyo,Q2,50-64,4020,2712,210,2922,1098
Inyo,Q2,65+,4659,3852,234,4086,573
Inyo,Q3,0-17,2804,1035,107,1142,1662
Inyo,Q3,18-49,5798,4115,543,4658,1140
Inyo,Q3,50-64,4020,2712,210,2922,1098
Inyo,Q3,65+,4659,3852,235,4087,572
Inyo,Q4,0-17,2804,1035,107,1142,1662
Inyo,Q4,18-49,5798,4115,546,4661,1137
Inyo,Q4,50-64,4020,2712,211,2923,1097
Inyo,Q4,65+,4659,3852,236,4088,571
Kern,Q1,0-17,251720,65589,9797,75416,176304
Kern,Q1,18-49,418298,234201,29032,263237,155061
Kern,Q1,50-64,141795,106049,9926,115975,25820
Kern,Q1,65+,108838,89876,7928,97804,11034
Kern,Q2,0-17,251720,65982,9889,75901,175819
Kern,Q2,18-49,418298,234703,29372,264079,154219
Kern,Q2,50-64,141795,106103,10059,116162,25633
Kern,Q2,65+,108838,89898,8126,98024,10814
Kern,Q3,0-17,251720,66043,10010,76083,175637
Kern,Q3,18-49,418298,234750,29731,264485,153813
Kern,Q3,50-64,141795,106111,10116,116227,25568
Kern,Q3,65+,108838,89900,8194,98094,10744
Kern,Q4,0-17,251720,66060,10129,76219,175501
Kern,Q4,18-49,418298,234750,29971,264725,153573
Kern,Q4,50-64,141795,106111,10146,116257,25538
Kern,Q4,65+,108838,89900,8221,98121,10717
Kings,Q1,0-17,35521,9064,1169,10237,25284
Kings,Q1,18-49,71634,34151,5126,39279,32355
Kings,Q1,50-64,19502,15015,1670,16685,2817
Kings,Q1,65+,16867,12829,1387,14216,2651
Kings,Q2,0-17,35521,9097,1180,10281,25240
Kings,Q2,18-49,71634,34247,5173,39422,32212
Kings,Q2,50-64,19502,15025,1694,16719,2783
Kings,Q2,65+,16867,12832,1422,14254,2613
Kings,Q3,0-17,35521,9101,1205,10310,25211
Kings,Q3,18-49,71634,34258,5248,39508,32126
Kings,Q3,50-64,19502,15026,1716,16742,2760
Kings,Q3,65+,16867,12832,1435,14267,2600
Kings,Q4,0-17,35521,9101,1216,10321,25200
Kings,Q4,18-49,71634,34259,5285,39546,32088
Kings,Q4,50-64,19502,15026,1727,16753,2749
Kings,Q4,65+,16867,12832,1440,14272,2595
Lake,Q1,0-17,9924,2576,567,3145,6779
Lake,Q1,18-49,23135,12679,1913,14592,8543
Lake,Q1,50-64,12351,9335,875,10210,2141
Lake,Q1,65+,15114,11541,991,12532,2582
Lake,Q2,0-17,9924,2584,571,3157,6767
Lake,Q2,18-49,23135,12697,1951,14648,8487
Lake,Q2,50-64,12351,9339,891,10230,2121
Lake,Q2,65+,15114,11543,1016,12559,2555
Lake,Q3,0-17,9924,2585,581,3168,6756
Lake,Q3,18-49,23135,12702,1974,14676,8459
Lake,Q3,50-64,12351,9339,897,10236,2115
Lake,Q3,65+,15114,11543,1028,12571,2543
Lake,Q4,0-17,9924,2587,584,3173,6751
Lake,Q4,18-49,23135,12702,1981,14683,8452
Lake,Q4,50-64,12351,9339,901,10240,2111
Lake,Q4,65+,15114,11543,1033,12576,2538
Lassen,Q1,0-17,1663,275,54,329,1334
Lassen,Q1,18-49,14093,3289,388,3677,10416
Lassen,Q1,50-64,5382,2292,244,2536,2846
Lassen,Q1,65+,5241,3035,295,3330,1911
Lassen,Q2,0-17,1663,275,54,329,1334
Lassen,Q2,18-49,14093,3299,390,3689,10404
Lassen,Q2,50-64,5382,2292,245,2537,2845
Lassen,Q2,65+,5241,3036,303,3339,1902
Lassen,Q3,0-17,1663,275,56,331,1332
Lassen,Q3,18-49,14093,3300,395,3695,10398
Lassen,Q3,50-64,5382,2292,246,2538,2844
Lassen,Q3,65+,5241,3036,306,3342,1899
Lassen,Q4,0-17,1663,275,56,331,1332
Lassen,Q4,18-49,14093,3300,399,3699,10394
Lassen,Q4,50-64,5382,2292,246,2538,2844
Lassen,Q4,65+,5241,3036,306,3342,1899
Los Angeles,Q1,0-17,2174428,911656,133458,1045418,1129010
Los Angeles,Q1,18-49,4408443,3620230,426218,4046561,361882
Los Angeles,Q1,50-64,1971374,1640674,149336,1790010,181364
Los Angeles,Q1,65+,1644144,1368234,121281,1489515,154629
Los Angeles,Q2,0-17,2174428,920682,134810,1055800,1118628
Los Angeles,Q2,18-49,4408443,3624529,434738,4059380,349063
Los Angeles,Q2,50-64,1971374,1641545,153007,1794552,176822
Los Angeles,Q2,65+,1644144,1368738,124670,1493408,150736
Los Angeles,Q3,0-17,2174428,923029,137533,1060870,1113558
Los Angeles,Q3,18-49,4408443,3625278,440649,4066040,342403
Los Angeles,Q3,50-64,1971374,1641691,154776,1796467,174907
Los Angeles,Q3,65+,1644144,1368798,126805,1495603,148541
Los Angeles,Q4,0-17,2174428,923665,140028,1064002,1110426
Los Angeles,Q4,18-49,4408443,3625329,443747,4069189,339254
Los Angeles,Q4,50-64,1971374,1641698,155536,1797234,174140
Los Angeles,Q4,65+,1644144,1368805,127542,1496347,147797
Madera,Q1,0-17,30148,11788,1667,13456,16692
Madera,Q1,18-49,70886,38393,4703,43096,27790
Madera,Q1,50-64,24912,18597,1601,20198,4714
Madera,Q1,65+,24667,19266,1701,20967,3700
Madera,Q2,0-17,30148,11851,1672,13524,16624
Madera,Q2,18-49,70886,38501,4754,43255,27631
Madera,Q2,50-64,24912,18611,1623,20234,4678
Madera,Q2,65+,24667,19268,1746,21014,3653
Madera,Q3,0-17,30148,11856,1686,13543,16605
Madera,Q3,18-49,70886,38515,4827,43342,27544
Madera,Q3,50-64,24912,18612,1634,20246,4666
Madera,Q3,65+,24667,19268,1780,21048,3619
Madera,Q4,0-17,30148,11857,1707,13565,16583
Madera,Q4,18-49,70886,38516,4860,43376,27510
Madera,Q4,50-64,24912,18612,1640,20252,4660
Madera,Q4,65+,24667,19268,1786,21054,3613
Marin,Q1,0-17,46986,36025,3669,39700,7286
Marin,Q1,18-49,89471,83793,8429,92224,0
Marin,Q1,50-64,57543,52973,3268,56241,1302
Marin,Q1,65+,64165,60215,3718,63933,232
Marin,Q2,0-17,46986,36582,3694,40282,6704
Marin,Q2,18-49,89471,83858,8641,92501,0
Marin,Q2,50-64,57543,52982,3334,56316,1227
Marin,Q2,65+,64165,60221,3808,64029,136
Marin,Q3,0-17,46986,36737,3892,40635,6351
Marin,Q3,18-49,89471,83860,8745,92607,0
Marin,Q3,50-64,57543,52983,3357,56340,1203
Marin,Q3,65+,64165,60222,4033,64255,0
Marin,Q4,0-17,46986,36776,4022,40804,6182
Marin,Q4,18-49,89471,83861,8800,92663,0
Marin,Q4,50-64,57543,52983,3372,56355,1188
Marin,Q4,65+,64165,60222,4066,64288,0
Mariposa,Q1,0-17,1923,515,135,651,1272
Mariposa,Q1,18-49,5581,2817,578,3395,2186
Mariposa,Q1,50-64,3872,2298,319,2617,1255
Mariposa,Q1,65+,5415,3480,444,3924,1491
Mariposa,Q2,0-17,1923,516,134,651,1272
Mariposa,Q2,18-49,5581,2817,587,3404,2177
Mariposa,Q2,50-64,3872,2300,320,2620,1252
Mariposa,Q2,65+,5415,3480,451,3931,1484
Mariposa,Q3,0-17,1923,516,137,654,1269
Mariposa,Q3,18-49,5581,2818,588,3406,2175
Mariposa,Q3,50-64,3872,2301,319,2620,1252
Mariposa,Q3,65+,5415,3480,456,3936,1479
Mariposa,Q4,0-17,1923,516,137,654,1269
Mariposa,Q4,18-49,5581,2818,591,3409,2172
Mariposa,Q4,50-64,3872,2301,319,2620,1252
Mariposa,Q4,65+,5415,3480,456,3936,1479
Mendocino,Q1,0-17,18465,5652,868,6522,11943
Mendocino,Q1,18-49,33260,23187,3428,26615,6645
Mendocino,Q1,50-64,16107,12978,1364,14342,1765
Mendocino,Q1,65+,20465,18669,1529,20198,267
Mendocino,Q2,0-17,18465,5711,893,6606,11859
Mendocino,Q2,18-49,33260,23215,3474,26689,6571
Mendocino,Q2,50-64,16107,12984,1388,14372,1735
Mendocino,Q2,65+,20465,18673,1542,20215,250
Mendocino,Q3,0-17,18465,5747,914,6663,11802
Mendocino,Q3,18-49,33260,23219,3503,26722,6538
Mendocino,Q3,50-64,16107,12985,1392,14377,1730
Mendocino,Q3,65+,20465,18678,1563,20241,224
Mendocino,Q4,0-17,18465,5756,935,6693,11772
Mendocino,Q4,18-49,33260,23219,3517,26736,6524
Mendocino,Q4,50-64,16107,12985,1396,14381,1726
Mendocino,Q4,65+,20465,18678,1570,20248,217
Merced,Q1,0-17,59134,20785,3895,24688,34446
Merced,Q1,18-49,129509,76653,11012,87666,41843
Merced,Q1,50-64,43289,32255,3576,35831,7458
Merced,Q1,65+,33576,28447,2391,30838,2738
Merced,Q2,0-17,59134,20862,3890,24760,34374
Merced,Q2,18-49,129509,76798,11131,87930,41579
Merced,Q2,50-64,43289,32270,3606,35876,7413
Merced,Q2,65+,33576,28452,2436,30888,2688
Merced,Q3,0-17,59134,20872,3921,24801,34333
Merced,Q3,18-49,129509,76817,11241,88059,41450
Merced,Q3,50-64,43289,32271,3622,35893,7396
Merced,Q3,65+,33576,28454,2445,30899,2677
Merced,Q4,0-17,59134,20873,3939,24820,34314
Merced,Q4,18-49,129509,76817,11325,88143,41366
Merced,Q4,50-64,43289,32271,3630,35901,7388
Merced,Q4,65+,33576,28454,2451,30905,2671
Modoc,Q1,0-17,652,148,12,162,490
Modoc,Q1,18-49,3170,1018,107,1125,2045
Modoc,Q1,50-64,1810,950,45,995,815
Modoc,Q1,65+,2671,1586,98,1684,987
Modoc,Q2,0-17,652,148,12,162,490
Modoc,Q2,18-49,3170,1020,107,1127,2043
Modoc,Q2,50-64,1810,952,45,997,813
Modoc,Q2,65+,2671,1586,99,1685,986
Modoc,Q3,0-17,652,148,12,162,490
Modoc,Q3,18-49,3170,1020,109,1129,2041
Modoc,Q3,50-64,1810,952,45,997,813
Modoc,Q3,65+,2671,1586,101,1687,984
Modoc,Q4,0-17,652,148,12,162,490
Modoc,Q4,18-49,3170,1020,110,1130,2040
Modoc,Q4,50-64,1810,952,46,998,812
Modoc,Q4,65+,2671,1586,101,1687,984
Mono,Q1,0-17,2067,1105,142,1248,819
Mono,Q1,18-49,5416,4269,541,4810,606
Mono,Q1,50-64,3147,2040,174,2214,933
Mono,Q1,65+,2558,1667,130,1797,761
Mono,Q2,0-17,2067,1110,142,1253,814
Mono,Q2,18-49,5416,4271,548,4819,597
Mono,Q2,50-64,3147,2041,178,2219,928
Mono,Q2,65+,2558,1668,131,1799,759
Mono,Q3,0-17,2067,1110,143,1254,813
Mono,Q3,18-49,5416,4272,549,4821,595
Mono,Q3,50-64,3147,2041,179,2220,927
Mono,Q3,65+,2558,1668,135,1803,755
Mono,Q4,0-17,2067,1110,143,1254,813
Mono,Q4,18-49,5416,4272,549,4821,595
Mono,Q4,50-64,3147,2041,179,2220,927
Mono,Q4,65+,2558,1668,135,1803,755
Monterey,Q1,0-17,112743,47915,6665,54589,58154
Monterey,Q1,18-49,191617,155622,19310,174938,16679
Monterey,Q1,50-64,73175,62712,5909,68621,4554
Monterey,Q1,65+,67646,58407,5328,63735,3911
Monterey,Q2,0-17,112743,48578,6804,55391,57352
Monterey,Q2,18-49,191617,155803,19600,175409,16208
Monterey,Q2,50-64,73175,62732,6029,68761,4414
Monterey,Q2,65+,67646,58412,5489,63901,3745
Monterey,Q3,0-17,112743,48794,6987,55790,56953
Monterey,Q3,18-49,191617,155824,19803,175633,15984
Monterey,Q3,50-64,73175,62736,6081,68817,4358
Monterey,Q3,65+,67646,58414,5590,64004,3642
Monterey,Q4,0-17,112743,48852,7111,55972,56771
Monterey,Q4,18-49,191617,155825,19924,175755,15862
Monterey,Q4,50-64,73175,62737,6104,68841,4334
Monterey,Q4,65+,67646,58414,5625,64039,3607
Napa,Q1,0-17,26841,14105,1539,15649,11192
Napa,Q1,18-49,56475,45723,5968,51694,4781
Napa,Q1,50-64,27435,24234,2281,26515,920
Napa,Q1,65+,28618,27270,2144,29414,0
Napa,Q2,0-17,26841,14223,1554,15782,11059
Napa,Q2,18-49,56475,45784,6037,51824,4651
Napa,Q2,50-64,27435,24248,2319,26567,868
Napa,Q2,65+,28618,27276,2181,29457,0
Napa,Q3,0-17,26841,14259,1613,15877,10964
Napa,Q3,18-49,56475,45790,6091,51884,4591
Napa,Q3,50-64,27435,24251,2340,26591,844
Napa,Q3,65+,28618,27276,2226,29502,0
Napa,Q4,0-17,26841,14272,1643,15920,10921
Napa,Q4,18-49,56475,45790,6117,51910,4565
Napa,Q4,50-64,27435,24251,2343,26594,841
Napa,Q4,65+,28618,27276,2240,29516,0
Nevada,Q1,0-17,15173,5446,808,6255,8918
Nevada,Q1,18-49,34085,20368,2930,23298,10787
Nevada,Q1,50-64,19621,14746,1376,16122,3499
Nevada,Q1,65+,29138,23973,2103,26076,3062
Nevada,Q2,0-17,15173,5506,811,6318,8855
Nevada,Q2,18-49,34085,20382,2975,23357,10728
Nevada,Q2,50-64,19621,14749,1401,16150,3471
Nevada,Q2,65+,29138,23977,2155,26132,3006
Nevada,Q3,0-17,15173,5520,823,6344,8829
Nevada,Q3,18-49,34085,20384,3001,23385,10700
Nevada,Q3,50-64,19621,14750,1411,16161,3460
Nevada,Q3,65+,29138,23978,2187,26165,2973
Nevada,Q4,0-17,15173,5524,831,6356,8817
Nevada,Q4,18-49,34085,20386,3011,23397,10688
Nevada,Q4,50-64,19621,14750,1422,16172,3449
Nevada,Q4,65+,29138,23978,2198,26176,2962
Orange,Q1,0-17,702608,274866,34673,309640,392968
Orange,Q1,18-49,1328917,1067784,106362,1174169,154748
Orange,Q1,50-64,646140,541491,41755,583246,62894
Orange,Q1,65+,531607,484837,38423,523260,8347
Orange,Q2,0-17,702608,277821,34830,312753,389855
Orange,Q2,18-49,1328917,1068905,108991,1177919,150998
Orange,Q2,50-64,646140,541737,42909,584646,61494
Orange,Q2,65+,531607,484974,39401,524375,7232
Orange,Q3,0-17,702608,278357,35841,314301,388307
Orange,Q3,18-49,1328917,1069082,110396,1179501,149416
Orange,Q3,50-64,646140,541776,43478,585254,60886
Orange,Q3,65+,531607,484993,39961,524954,6653
Orange,Q4,0-17,702608,278466,36425,314994,387614
Orange,Q4,18-49,1328917,1069092,111056,1180171,148746
Orange,Q4,50-64,646140,541777,43689,585466,60674
Orange,Q4,65+,531607,484993,40145,525138,6469
Placer,Q1,0-17,72757,32659,2846,35517,37240
Placer,Q1,18-49,161387,103410,8755,112166,49221
Placer,Q1,50-64,76937,62000,3948,65948,10989
Placer,Q1,65+,85295,76816,4807,81623,3672
Placer,Q2,0-17,72757,32935,2786,35733,37024
Placer,Q2,18-49,161387,103534,8892,112427,48960
Placer,Q2,50-64,76937,62019,4012,66031,10906
Placer,Q2,65+,85295,76830,4925,81755,3540
Placer,Q3,0-17,72757,32981,2878,35871,36886
Placer,Q3,18-49,161387,103550,9000,112551,48836
Placer,Q3,50-64,76937,62023,4052,66075,10862
Placer,Q3,65+,85295,76833,4980,81813,3482
Placer,Q4,0-17,72757,33004,2908,35924,36833
Placer,Q4,18-49,161387,103551,9041,112593,48794
Placer,Q4,50-64,76937,62023,4064,66087,10850
Placer,Q4,65+,85295,76833,5005,81838,3457
Plumas,Q1,0-17,2285,571,89,660,1625
Plumas,Q1,18-49,6077,2807,368,3175,2902
Plumas,Q1,50-64,3728,2636,219,2855,873
Plumas,Q1,65+,6184,4439,293,4732,1452
Plumas,Q2,0-17,2285,573,89,662,1623
Plumas,Q2,18-49,6077,2810,372,3182,2895
Plumas,Q2,50-64,3728,2637,220,2857,871
Plumas,Q2,65+,6184,4439,298,4737,1447
Plumas,Q3,0-17,2285,573,91,664,1621
Plumas,Q3,18-49,6077,2810,374,3184,2893
Plumas,Q3,50-64,3728,2637,220,2857,871
Plumas,Q3,65+,6184,4439,299,4738,1446
Plumas,Q4,0-17,2285,573,95,668,1617
Plumas,Q4,18-49,6077,2810,374,3184,2893
Plumas,Q4,50-64,3728,2637,220,2857,871
Plumas,Q4,65+,6184,4439,299,4738,1446
Riverside,Q1,0-17,588233,171368,24808,196238,391995
Riverside,Q1,18-49,1047428,654283,77003,731299,316129
Riverside,Q1,50-64,445401,338820,32342,371162,74239
Riverside,Q1,65+,396909,329283,32725,362008,34901
Riverside,Q2,0-17,588233,172320,25121,197503,390730
Riverside,Q2,18-49,1047428,655196,78445,733654,313774
Riverside,Q2,50-64,445401,338985,33026,372011,73390
Riverside,Q2,65+,396909,329373,33509,362882,34027
Riverside,Q3,0-17,588233,172581,25507,198150,390083
Riverside,Q3,18-49,1047428,655361,79440,734814,312614
Riverside,Q3,50-64,445401,339004,33302,372306,73095
Riverside,Q3,65+,396909,329384,33905,363289,33620
Riverside,Q4,0-17,588233,172640,25852,198554,389679
Riverside,Q4,18-49,1047428,655370,80008,735391,312037
Riverside,Q4,50-64,445401,339004,33437,372441,72960
Riverside,Q4,65+,396909,329387,34036,363423,33486
Sacramento,Q1,0-17,359115,140522,17830,158431,200684
Sacramento,Q1,18-49,683358,493438,43098,536562,146796
Sacramento,Q1,50-64,281015,229266,15871,245137,35878
Sacramento,Q1,65+,235049,218738,14778,233516,1533
Sacramento,Q2,0-17,359115,142377,18030,160488,198627
Sacramento,Q2,18-49,683358,494356,44061,538443,144915
Sacramento,Q2,50-64,281015,229417,16210,245627,35388
Sacramento,Q2,65+,235049,218818,15263,234081,968
Sacramento,Q3,0-17,359115,142879,18667,161627,197488
Sacramento,Q3,18-49,683358,494529,44831,539383,143975
Sacramento,Q3,50-64,281015,229431,16430,245861,35154
Sacramento,Q3,65+,235049,218827,15504,234331,718
Sacramento,Q4,0-17,359115,142998,19038,162117,196998
Sacramento,Q4,18-49,683358,494537,45287,539847,143511
Sacramento,Q4,50-64,281015,229434,16541,245975,35040
Sacramento,Q4,65+,235049,218828,15628,234456,593
San Benito,Q1,0-17,13566,6655,693,7349,6217
San Benito,Q1,18-49,27248,21669,2010,23681,3567
San Benito,Q1,50-64,11755,10336,803,11139,616
San Benito,Q1,65+,9150,7932,724,8656,494
San Benito,Q2,0-17,13566,6728,688,7417,6149
San Benito,Q2,18-49,27248,21704,2044,23750,3498
San Benito,Q2,50-64,11755,10338,818,11156,599
San Benito,Q2,65+,9150,7934,744,8678,472
San Benito,Q3,0-17,13566,6745,700,7446,6120
San Benito,Q3,18-49,27248,21712,2067,23781,3467
San Benito,Q3,50-64,11755,10338,823,11161,594
San Benito,Q3,65+,9150,7935,752,8687,463
San Benito,Q4,0-17,13566,6753,713,7467,6099
San Benito,Q4,18-49,27248,21712,2098,23812,3436
San Benito,Q4,50-64,11755,10338,828,11166,589
San Benito,Q4,65+,9150,7935,758,8693,457
San Bernardino,Q1,0-17,570238,149449,19071,168567,401671
San Bernardino,Q1,18-49,967274,598527,61296,659834,307440
San Bernardino,Q1,50-64,381023,291367,23880,315247,65776
San Bernardino,Q1,65+,281805,234630,20825,255455,26350
San Bernardino,Q2,0-17,570238,150646,19239,169932,400306
San Bernardino,Q2,18-49,967274,599509,62389,661909,305365
San Bernardino,Q2,50-64,381023,291589,24425,316014,65009
San Bernardino,Q2,65+,281805,234708,21470,256178,25627
San Bernardino,Q3,0-17,570238,150861,19626,170534,399704
San Bernardino,Q3,18-49,967274,599666,63440,663117,304157
San Bernardino,Q3,50-64,381023,291609,24749,316358,64665
San Bernardino,Q3,65+,281805,234718,21823,256541,25264
San Bernardino,Q4,0-17,570238,150905,19886,170838,399400
San Bernardino,Q4,18-49,967274,599674,64056,663741,303533
San Bernardino,Q4,50-64,381023,291610,24893,316503,64520
San Bernardino,Q4,65+,281805,234718,21942,256660,25145
San Diego,Q1,0-17,792577,333548,66319,399952,392625
San Diego,Q1,18-49,1415252,1198291,204454,1402801,12451
San Diego,Q1,50-64,598529,532163,59335,591498,7031
San Diego,Q1,65+,537469,495738,44027,539765,0
San Diego,Q2,0-17,792577,338163,68501,406749,385828
San Diego,Q2,18-49,1415252,1199716,218015,1417787,0
San Diego,Q2,50-64,598529,532403,62242,594645,3884
San Diego,Q2,65+,537469,495869,46069,541938,0
San Diego,Q3,0-17,792577,339491,71762,411340,381237
San Diego,Q3,18-49,1415252,1199917,235101,1435074,0
San Diego,Q3,50-64,598529,532435,64015,596450,2079
San Diego,Q3,65+,537469,495886,47270,543156,0
San Diego,Q4,0-17,792577,339882,74227,414196,378381
San Diego,Q4,18-49,1415252,1199923,249106,1449085,0
San Diego,Q4,50-64,598529,532435,65262,597697,832
San Diego,Q4,65+,537469,495887,47789,543676,0
San Francisco,Q1,0-17,135506,76603,10873,87490,48016
San Francisco,Q1,18-49,432220,389535,46652,436193,0
San Francisco,Q1,50-64,164698,149068,10331,159399,5299
San Francisco,Q1,65+,160005,141607,8723,150330,9675
San Francisco,Q2,0-17,135506,78103,11233,89350,46156
San Francisco,Q2,18-49,432220,389950,48851,438807,0
San Francisco,Q2,50-64,164698,149163,10919,160082,4616
San Francisco,Q2,65+,160005,141657,9091,150748,9257
San Francisco,Q3,0-17,135506,78672,11852,90538,44968
San Francisco,Q3,18-49,432220,390001,49906,439913,0
San Francisco,Q3,50-64,164698,149176,11287,160463,4235
San Francisco,Q3,65+,160005,141663,9421,151084,8921
San Francisco,Q4,0-17,135506,78919,12229,91162,44344
San Francisco,Q4,18-49,432220,390002,50355,440363,0
San Francisco,Q4,50-64,164698,149176,11421,160597,4101
San Francisco,Q4,65+,160005,141663,9552,151215,8790
San Joaquin,Q1,0-17,197040,68293,11157,79482,117558
San Joaquin,Q1,18-49,332959,236643,26022,262668,70291
San Joaquin,Q1,50-64,139248,109179,8719,117898,21350
San Joaquin,Q1,65+,106103,97292,6963,104255,1848
San Joaquin,Q2,0-17,197040,68690,11470,80192,116848
San Joaquin,Q2,18-49,332959,237065,26335,263403,69556
San Joaquin,Q2,50-64,139248,109256,8866,118122,21126
San Joaquin,Q2,65+,106103,97321,7090,104411,1692
San Joaquin,Q3,0-17,197040,68759,11590,80381,116659
San Joaquin,Q3,18-49,332959,237128,26696,263827,69132
San Joaquin,Q3,50-64,139248,109268,8951,118219,21029
San Joaquin,Q3,65+,106103,97325,7163,104488,1615
San Joaquin,Q4,0-17,197040,68763,11655,80450,116590
San Joaquin,Q4,18-49,332959,237128,26887,264018,68941
San Joaquin,Q4,50-64,139248,109268,8999,118267,20981
San Joaquin,Q4,65+,106103,97326,7197,104523,1580
San Luis Obispo,Q1,0-17,49397,17437,2636,20087,29310
San Luis Obispo,Q1,18-49,112864,71899,8723,80627,32237
San Luis Obispo,Q1,50-64,50974,39526,3362,42888,8086
San Luis Obispo,Q1,65+,65339,56892,3617,60509,4830
San Luis Obispo,Q2,0-17,49397,17720,2533,20267,29130
San Luis Obispo,Q2,18-49,112864,71968,8829,80802,32062
San Luis Obispo,Q2,50-64,50974,39536,3417,42953,8021
San Luis Obispo,Q2,65+,65339,56899,3684,60583,4756
San Luis Obispo,Q3,0-17,49397,17785,2541,20340,29057
San Luis Obispo,Q3,18-49,112864,71981,8900,80886,31978
San Luis Obispo,Q3,50-64,50974,39538,3439,42977,7997
San Luis Obispo,Q3,65+,65339,56900,3750,60650,4689
San Luis Obispo,Q4,0-17,49397,17800,2545,20359,29038
San Luis Obispo,Q4,18-49,112864,71981,8931,80917,31947
San Luis Obispo,Q4,50-64,50974,39538,3449,42987,7987
San Luis Obispo,Q4,65+,65339,56900,3767,60667,4672
San Mateo,Q1,0-17,157276,98602,10311,108930,48346
San Mateo,Q1,18-49,309919,298933,29730,328667,0
San Mateo,Q1,50-64,162707,141030,10006,151036,11671
San Mateo,Q1,65+,145088,130493,9531,140024,5064
San Mateo,Q2,0-17,157276,100609,10212,110838,46438
San Mateo,Q2,18-49,309919,299192,30670,329866,0
San Mateo,Q2,50-64,162707,141094,10431,151525,11182
San Mateo,Q2,65+,145088,130532,9960,140492,4596
San Mateo,Q3,0-17,157276,101185,10766,111968,45308
San Mateo,Q3,18-49,309919,299238,31155,330397,0
San Mateo,Q3,50-64,162707,141100,10681,151781,10926
San Mateo,Q3,65+,145088,130539,10281,140820,4268
San Mateo,Q4,0-17,157276,101372,11197,112586,44690
San Mateo,Q4,18-49,309919,299238,31388,330630,0
San Mateo,Q4,50-64,162707,141100,10791,151891,10816
San Mateo,Q4,65+,145088,130540,10402,140942,4146
Santa Barbara,Q1,0-17,101826,36480,5894,42383,59443
Santa Barbara,Q1,18-49,203226,147147,20606,167758,35468
Santa Barbara,Q1,50-64,75640,63419,5856,69275,6365
Santa Barbara,Q1,65+,72806,70036,5899,75935,0
Santa Barbara,Q2,0-17,101826,37013,5876,42898,58928
Santa Barbara,Q2,18-49,203226,147321,20939,168265,34961
Santa Barbara,Q2,50-64,75640,63432,5965,69397,6243
Santa Barbara,Q2,65+,72806,70050,6009,76059,0
Santa Barbara,Q3,0-17,101826,37147,6024,43180,58646
Santa Barbara,Q3,18-49,203226,147345,21169,168519,34707
Santa Barbara,Q3,50-64,75640,63433,6022,69455,6185
Santa Barbara,Q3,65+,72806,70050,6098,76148,0
Santa Barbara,Q4,0-17,101826,37188,6140,43337,58489
Santa Barbara,Q4,18-49,203226,147345,21264,168614,34612
Santa Barbara,Q4,50-64,75640,63433,6038,69471,6169
Santa Barbara,Q4,65+,72806,70050,6132,76182,0
Santa Clara,Q1,0-17,424995,243934,23516,267477,157518
Santa Clara,Q1,18-49,849199,808085,69669,877777,0
Santa Clara,Q1,50-64,387030,349898,25956,375854,11176
Santa Clara,Q1,65+,313603,280747,22164,302911,10692
Santa Clara,Q2,0-17,424995,248034,23208,271269,153726
Santa Clara,Q2,18-49,849199,808819,72191,881033,0
Santa Clara,Q2,50-64,387030,350104,27235,377339,9691
Santa Clara,Q2,65+,313603,280837,23233,304070,9533
Santa Clara,Q3,0-17,424995,249194,24053,273274,151721
Santa Clara,Q3,18-49,849199,808933,73265,882221,0
Santa Clara,Q3,50-64,387030,350129,27984,378113,8917
Santa Clara,Q3,65+,313603,280849,23999,304848,8755
Santa Clara,Q4,0-17,424995,249586,24708,274321,150674
Santa Clara,Q4,18-49,849199,808933,73836,882792,0
Santa Clara,Q4,50-64,387030,350132,28227,378359,8671
Santa Clara,Q4,65+,313603,280850,24270,305120,8483
Santa Cruz,Q1,0-17,57623,27248,3006,30261,27362
Santa Cruz,Q1,18-49,114109,91914,8896,100812,13297
Santa Cruz,Q1,50-64,51797,45270,2992,48262,3535
Santa Cruz,Q1,65+,51494,47913,3352,51265,229
Santa Cruz,Q2,0-17,57623,27597,3045,30649,26974
Santa Cruz,Q2,18-49,114109,91994,9056,101052,13057
Santa Cruz,Q2,50-64,51797,45277,3065,48342,3455
Santa Cruz,Q2,65+,51494,47927,3417,51344,150
Santa Cruz,Q3,0-17,57623,27694,3128,30829,26794
Santa Cruz,Q3,18-49,114109,92000,9174,101176,12933
Santa Cruz,Q3,50-64,51797,45279,3093,48372,3425
Santa Cruz,Q3,65+,51494,47929,3477,51406,88
Santa Cruz,Q4,0-17,57623,27717,3184,30908,26715
Santa Cruz,Q4,18-49,114109,92000,9215,101217,12892
Santa Cruz,Q4,50-64,51797,45280,3108,48388,3409
Santa Cruz,Q4,65+,51494,47929,3498,51427,67
Shasta,Q1,0-17,27675,5570,668,6243,21432
Shasta,Q1,18-49,68656,29229,3807,33037,35619
Shasta,Q1,50-64,32608,20855,2147,23002,9606
Shasta,Q1,65+,37463,29673,3616,33289,4174
Shasta,Q2,0-17,27675,5590,671,6266,21409
Shasta,Q2,18-49,68656,29266,3859,33126,35530
Shasta,Q2,50-64,32608,20868,2178,23046,9562
Shasta,Q2,65+,37463,29680,3723,33403,4060
Shasta,Q3,0-17,27675,5594,679,6278,21397
Shasta,Q3,18-49,68656,29272,3902,33175,35481
Shasta,Q3,50-64,32608,20871,2188,23059,9549
Shasta,Q3,65+,37463,29682,3748,33430,4033
Shasta,Q4,0-17,27675,5594,684,6283,21392
Shasta,Q4,18-49,68656,29272,3921,33194,35462
Shasta,Q4,50-64,32608,20872,2193,23065,9543
Shasta,Q4,65+,37463,29682,3760,33442,4021
Sierra,Q1,18-49,934,429,34,463,471
Sierra,Q1,50-64,670,412,26,438,232
Sierra,Q1,65+,1056,658,40,698,358
Sierra,Q2,18-49,934,429,35,464,470
Sierra,Q2,50-64,670,412,26,438,232
Sierra,Q2,65+,1056,658,42,700,356
Sierra,Q3,18-49,934,429,36,465,469
Sierra,Q3,50-64,670,412,26,438,232
Sierra,Q3,65+,1056,658,42,700,356
Sierra,Q4,18-49,934,429,36,465,469
Sierra,Q4,50-64,670,412,26,438,232
Sierra,Q4,65+,1056,658,42,700,356
Siskiyou,Q1,0-17,6118,1292,181,1476,4642
Siskiyou,Q1,18-49,14922,6468,1026,7494,7428
Siskiyou,Q1,50-64,8041,5268,661,5929,2112
Siskiyou,Q1,65+,11991,8705,844,9549,2442
Siskiyou,Q2,0-17,6118,1300,177,1480,4638
Siskiyou,Q2,18-49,14922,6477,1035,7512,7410
Siskiyou,Q2,50-64,8041,5271,669,5940,2101
Siskiyou,Q2,65+,11991,8705,866,9571,2420
Siskiyou,Q3,0-17,6118,1300,182,1485,4633
Siskiyou,Q3,18-49,14922,6478,1040,7518,7404
Siskiyou,Q3,50-64,8041,5272,669,5941,2100
Siskiyou,Q3,65+,11991,8705,873,9578,2413
Siskiyou,Q4,0-17,6118,1300,190,1493,4625
Siskiyou,Q4,18-49,14922,6478,1042,7520,7402
Siskiyou,Q4,50-64,8041,5272,671,5943,2098
Siskiyou,Q4,65+,11991,8705,874,9579,2412
Solano,Q1,0-17,98196,36659,5127,41792,56404
Solano,Q1,18-49,184205,133675,16927,150603,33602
Solano,Q1,50-64,84246,71172,6881,78053,6193
Solano,Q1,65+,78679,70767,6846,77613,1066
Solano,Q2,0-17,98196,36957,5161,42124,56072
Solano,Q2,18-49,184205,133849,17208,151058,33147
Solano,Q2,50-64,84246,71204,6995,78199,6047
Solano,Q2,65+,78679,70781,7001,77782,897
Solano,Q3,0-17,98196,37027,5237,42270,55926
Solano,Q3,18-49,184205,133879,17391,151271,32934
Solano,Q3,50-64,84246,71208,7048,78256,5990
Solano,Q3,65+,78679,70783,7080,77863,816
Solano,Q4,0-17,98196,37043,5342,42391,55805
Solano,Q4,18-49,184205,133879,17517,151397,32808
Solano,Q4,50-64,84246,71208,7069,78277,5969
Solano,Q4,65+,78679,70783,7115,77898,781
Sonoma,Q1,0-17,89339,46699,5016,51724,37615
Sonoma,Q1,18-49,198918,161928,13713,175645,23273
Sonoma,Q1,50-64,101647,86728,4937,91665,9982
Sonoma,Q1,65+,110975,103034,5826,108860,2115
Sonoma,Q2,0-17,89339,47225,5088,52322,37017
Sonoma,Q2,18-49,198918,162164,13976,176144,22774
Sonoma,Q2,50-64,101647,86760,5045,91805,9842
Sonoma,Q2,65+,110975,103050,5975,109025,1950
Sonoma,Q3,0-17,89339,47367,5248,52624,36715
Sonoma,Q3,18-49,198918,162182,14169,176355,22563
Sonoma,Q3,50-64,101647,86760,5094,91854,9793
Sonoma,Q3,65+,110975,103052,6145,109197,1778
Sonoma,Q4,0-17,89339,47411,5321,52741,36598
Sonoma,Q4,18-49,198918,162182,14239,176425,22493
Sonoma,Q4,50-64,101647,86760,5111,91871,9776
Sonoma,Q4,65+,110975,103052,6200,109252,1723
Stanislaus,Q1,0-17,106655,37464,5367,42849,63806
Stanislaus,Q1,18-49,246429,153050,15234,168285,78144
Stanislaus,Q1,50-64,94576,73147,5580,78727,15849
Stanislaus,Q1,65+,77562,68843,5161,74004,3558
Stanislaus,Q2,0-17,106655,37612,5389,43019,63636
Stanislaus,Q2,18-49,246429,153336,15412,168749,77680
Stanislaus,Q2,50-64,94576,73176,5642,78818,15758
Stanislaus,Q2,65+,77562,68855,5211,74066,3496
Stanislaus,Q3,0-17,106655,37626,5456,43100,63555
Stanislaus,Q3,18-49,246429,153385,15586,168972,77457
Stanislaus,Q3,50-64,94576,73182,5670,78852,15724
Stanislaus,Q3,65+,77562,68857,5257,74114,3448
Stanislaus,Q4,0-17,106655,37626,5484,43128,63527
Stanislaus,Q4,18-49,246429,153385,15716,169102,77327
Stanislaus,Q4,50-64,94576,73182,5690,78872,15704
Stanislaus,Q4,65+,77562,68857,5275,74132,3430
Statewide,Q1,0-17,8947163,3619682,525427,4146390,4800773
Statewide,Q1,18-49,17103751,13446685,1708150,15155213,1948538
Statewide,Q1,50-64,7427514,6255287,585667,6840954,586560
Statewide,Q1,65+,6474841,5727645,521169,6248814,226027
Statewide,Q2,0-17,8947163,3661200,532088,4194589,4752574
Statewide,Q2,18-49,17103751,13463774,1757786,15221937,1881814
Statewide,Q2,50-64,7427514,6258488,602288,6860776,566738
Statewide,Q2,65+,6474841,5729335,536581,6265916,208925
Statewide,Q3,0-17,8947163,3672183,547214,4220702,4726461
Statewide,Q3,18-49,17103751,13466422,1798818,15265614,1838137
Statewide,Q3,50-64,7427514,6258923,611054,6869977,557537
Statewide,Q3,65+,6474841,5729569,546795,6276364,198477
Statewide,Q4,0-17,8947163,3675517,558702,4235525,4711638
Statewide,Q4,18-49,17103751,13466543,1826032,15292949,1810802
Statewide,Q4,50-64,7427514,6258947,615235,6874182,553332
Statewide,Q4,65+,6474841,5729587,550479,6280066,194775
Sutter,Q1,0-17,17646,6437,627,7067,10579
Sutter,Q1,18-49,41923,25857,2375,28234,13689
Sutter,Q1,50-64,17567,13356,1049,14405,3162
Sutter,Q1,65+,15705,13662,1043,14705,1000
Sutter,Q2,0-17,17646,6492,620,7115,10531
Sutter,Q2,18-49,41923,25910,2392,28304,13619
Sutter,Q2,50-64,17567,13365,1066,14431,3136
Sutter,Q2,65+,15705,13663,1081,14744,961
Sutter,Q3,0-17,17646,6500,636,7139,10507
Sutter,Q3,18-49,41923,25915,2421,28338,13585
Sutter,Q3,50-64,17567,13366,1070,14436,3131
Sutter,Q3,65+,15705,13664,1093,14757,948
Sutter,Q4,0-17,17646,6500,645,7148,10498
Sutter,Q4,18-49,41923,25915,2437,28354,13569
Sutter,Q4,50-64,17567,13366,1073,14439,3128
Sutter,Q4,65+,15705,13664,1097,14761,944
Tehama,Q1,0-17,14665,2254,321,2576,12089
Tehama,Q1,18-49,24685,10029,1237,11266,13419
Tehama,Q1,50-64,11886,7143,600,7743,4143
Tehama,Q1,65+,12714,9230,796,10026,2688
Tehama,Q2,0-17,14665,2285,319,2605,12060
Tehama,Q2,18-49,24685,10048,1254,11302,13383
Tehama,Q2,50-64,11886,7150,615,7765,4121
Tehama,Q2,65+,12714,9234,821,10055,2659
Tehama,Q3,0-17,14665,2287,329,2617,12048
Tehama,Q3,18-49,24685,10051,1269,11320,13365
Tehama,Q3,50-64,11886,7154,618,7772,4114
Tehama,Q3,65+,12714,9236,827,10063,2651
Tehama,Q4,0-17,14665,2288,330,2619,12046
Tehama,Q4,18-49,24685,10051,1281,11332,13353
Tehama,Q4,50-64,11886,7155,618,7773,4113
Tehama,Q4,65+,12714,9236,834,10070,2644
Trinity,Q1,0-17,1644,331,88,419,1225
Trinity,Q1,18-49,4065,1798,279,2077,1988
Trinity,Q1,50-64,2628,1510,192,1702,926
Trinity,Q1,65+,4209,2392,273,2665,1544
Trinity,Q2,0-17,1644,332,89,421,1223
Trinity,Q2,18-49,4065,1799,285,2084,1981
Trinity,Q2,50-64,2628,1510,195,1705,923
Trinity,Q2,65+,4209,2392,278,2670,1539
Trinity,Q3,0-17,1644,332,89,421,1223
Trinity,Q3,18-49,4065,1799,288,2087,1978
Trinity,Q3,50-64,2628,1510,195,1705,923
Trinity,Q3,65+,4209,2392,281,2673,1536
Trinity,Q4,0-17,1644,332,89,421,1223
Trinity,Q4,18-49,4065,1800,289,2089,1976
Trinity,Q4,50-64,2628,1510,196,1706,922
Trinity,Q4,65+,4209,2392,282,2674,1535
Tulare,Q1,0-17,140237,34626,4892,39523,100714
Tulare,Q1,18-49,207959,123161,15231,138395,69564
Tulare,Q1,50-64,73318,54671,5504,60175,13143
Tulare,Q1,65+,60135,47706,4723,52429,7706
Tulare,Q2,0-17,140237,34766,4939,39710,100527
Tulare,Q2,18-49,207959,123499,15426,138928,69031
Tulare,Q2,50-64,73318,54713,5586,60299,13019
Tulare,Q2,65+,60135,47730,4821,52551,7584
Tulare,Q3,0-17,140237,34792,4971,39768,100469
Tulare,Q3,18-49,207959,123555,15633,139191,68768
Tulare,Q3,50-64,73318,54718,5638,60356,12962
Tulare,Q3,65+,60135,47732,4862,52594,7541
Tulare,Q4,0-17,140237,34794,5002,39801,100436
Tulare,Q4,18-49,207959,123557,15787,139347,68612
Tulare,Q4,50-64,73318,54719,5668,60387,12931
Tulare,Q4,65+,60135,47732,4883,52615,7520
Tuolumne,Q1,0-17,6039,1592,212,1804,4235
Tuolumne,Q1,18-49,18149,8256,953,9209,8940
Tuolumne,Q1,50-64,10157,6863,502,7365,2792
Tuolumne,Q1,65+,15082,12058,694,12752,2330
Tuolumne,Q2,0-17,6039,1593,218,1811,4228
Tuolumne,Q2,18-49,18149,8268,958,9226,8923
Tuolumne,Q2,50-64,10157,6868,507,7375,2782
Tuolumne,Q2,65+,15082,12060,704,12764,2318
Tuolumne,Q3,0-17,6039,1593,220,1813,4226
Tuolumne,Q3,18-49,18149,8270,971,9241,8908
Tuolumne,Q3,50-64,10157,6868,511,7379,2778
Tuolumne,Q3,65+,15082,12060,707,12767,2315
Tuolumne,Q4,0-17,6039,1593,221,1814,4225
Tuolumne,Q4,18-49,18149,8270,974,9244,8905
Tuolumne,Q4,50-64,10157,6868,511,7379,2778
Tuolumne,Q4,65+,15082,12060,709,12769,2313
Ventura,Q1,0-17,185988,73504,8911,82426,103562
Ventura,Q1,18-49,346804,270770,26664,297438,49366
Ventura,Q1,50-64,169053,142338,9865,152203,16850
Ventura,Q1,65+,148209,138225,10002,148227,0
Ventura,Q2,0-17,185988,74022,9006,83039,102949
Ventura,Q2,18-49,346804,271002,27085,298091,48713
Ventura,Q2,50-64,169053,142371,10054,152425,16628
Ventura,Q2,65+,148209,138241,10235,148476,0
Ventura,Q3,0-17,185988,74151,9161,83323,102665
Ventura,Q3,18-49,346804,271035,27369,298408,48396
Ventura,Q3,50-64,169053,142376,10154,152530,16523
Ventura,Q3,65+,148209,138246,10399,148645,0
Ventura,Q4,0-17,185988,74190,9261,83462,102526
Ventura,Q4,18-49,346804,271043,27513,298560,48244
Ventura,Q4,50-64,169053,142376,10191,152567,16486
Ventura,Q4,65+,148209,138246,10454,148700,0
Yolo,Q1,0-17,51035,20978,2241,23225,27810
Yolo,Q1,18-49,110776,79995,9088,89086,21690
Yolo,Q1,50-64,33444,30800,1919,32719,725
Yolo,Q1,65+,30639,29938,1737,31675,0
Yolo,Q2,0-17,51035,21192,2235,23433,27602
Yolo,Q2,18-49,110776,80084,9311,89398,21378
Yolo,Q2,50-64,33444,30813,1969,32782,662
Yolo,Q2,65+,30639,29946,1793,31739,0
Yolo,Q3,0-17,51035,21243,2276,23525,27510
Yolo,Q3,18-49,110776,80095,9429,89527,21249
Yolo,Q3,50-64,33444,30814,1998,32812,632
Yolo,Q3,65+,30639,29947,1855,31802,0
Yolo,Q4,0-17,51035,21251,2320,23577,27458
Yolo,Q4,18-49,110776,80096,9483,89582,21194
Yolo,Q4,50-64,33444,30814,2013,32827,617
Yolo,Q4,65+,30639,29947,1872,31819,0
Yuba,Q1,0-17,15208,4493,535,5031,10177
Yuba,Q1,18-49,33335,18084,1904,19989,13346
Yuba,Q1,50-64,13385,8984,774,9758,3627
Yuba,Q1,65+,10515,8452,703,9155,1360
Yuba,Q2,0-17,15208,4530,537,5070,10138
Yuba,Q2,18-49,33335,18137,1931,20069,13266
Yuba,Q2,50-64,13385,8988,791,9779,3606
Yuba,Q2,65+,10515,8454,741,9195,1320
Yuba,Q3,0-17,15208,4535,543,5081,10127
Yuba,Q3,18-49,33335,18145,1949,20095,13240
Yuba,Q3,50-64,13385,8988,796,9784,3601
Yuba,Q3,65+,10515,8457,750,9207,1308
Yuba,Q4,0-17,15208,4537,546,5086,10122
Yuba,Q4,18-49,33335,18145,1970,20116,13219
Yuba,Q4,50-64,13385,8988,798,9786,3599
Yuba,Q4,65+,10515,8457,754,9211,1304
